id,section,line,contentID,subsystem,dependency,state,evidence,gate,code,test,saveImpact,presentation
"RB-meta-001","meta",3,"","authority","versions/schemas; see DEPENDENCIES.md","Designed","T01",0,"","","no direct durable mutation; retain content/build version","diagnostics/read-only explanation where applicable"
"RB-1-001","1",7,"","authority","versions/schemas; see DEPENDENCIES.md","Designed","T01",0,"","","no direct durable mutation; retain content/build version","diagnostics/read-only explanation where applicable"
"RB-1-002","1",9,"","authority","versions/schemas; see DEPENDENCIES.md","Designed","T01",0,"","","no direct durable mutation; retain content/build version","diagnostics/read-only explanation where applicable"
"RB-1-003","1",11,"","authority","versions/schemas; see DEPENDENCIES.md","Designed","T01",0,"","","no direct durable mutation; retain content/build version","diagnostics/read-only explanation where applicable"
"RB-1-004","1",13,"","authority","versions/schemas; see DEPENDENCIES.md","Designed","T01",0,"","","no direct durable mutation; retain content/build version","diagnostics/read-only explanation where applicable"
"RB-1-005","1",15,"","authority","versions/schemas; see DEPENDENCIES.md","Designed","T01",0,"","","no direct durable mutation; retain content/build version","diagnostics/read-only explanation where applicable"
"RB-1A-001","1A",19,"","authority","versions/schemas; see DEPENDENCIES.md","Designed","T01",0,"","","no direct durable mutation; retain content/build version","diagnostics/read-only explanation where applicable"
"RB-1A-002","1A",21,"","authority","versions/schemas; see DEPENDENCIES.md","Designed","T01",0,"","","no direct durable mutation; retain content/build version","diagnostics/read-only explanation where applicable"
"RB-1B-001","1B",25,"","authority","versions/schemas; see DEPENDENCIES.md","Designed","T01",0,"","","no direct durable mutation; retain content/build version","diagnostics/read-only explanation where applicable"
"RB-1B-002","1B",26,"","authority","versions/schemas; see DEPENDENCIES.md","Designed","T01",0,"","","no direct durable mutation; retain content/build version","diagnostics/read-only explanation where applicable"
"RB-1B-003","1B",27,"","authority","versions/schemas; see DEPENDENCIES.md","Designed","T01",0,"","","no direct durable mutation; retain content/build version","diagnostics/read-only explanation where applicable"
"RB-1B-004","1B",28,"","authority","versions/schemas; see DEPENDENCIES.md","Designed","T01",0,"","","no direct durable mutation; retain content/build version","diagnostics/read-only explanation where applicable"
"RB-1B-005","1B",29,"","authority","versions/schemas; see DEPENDENCIES.md","Designed","T01",0,"","","no direct durable mutation; retain content/build version","diagnostics/read-only explanation where applicable"
"RB-1B-006","1B",30,"","authority","versions/schemas; see DEPENDENCIES.md","Designed","T01",0,"","","no direct durable mutation; retain content/build version","diagnostics/read-only explanation where applicable"
"RB-1B-007","1B",31,"","authority","versions/schemas; see DEPENDENCIES.md","Designed","T01",0,"","","no direct durable mutation; retain content/build version","diagnostics/read-only explanation where applicable"
"RB-2-001","2",35,"","authority","versions/schemas; see DEPENDENCIES.md","Designed","T01",0,"","","no direct durable mutation; retain content/build version","diagnostics/read-only explanation where applicable"
"RB-3-001","3",39,"","state","versions/schemas; see DEPENDENCIES.md","Designed","T15",2,"","","schema/content/policy version; atomic validation","diagnostics/read-only explanation where applicable"
"RB-3-002","3",41,"","state","versions/schemas; see DEPENDENCIES.md","Designed","T15",2,"","","schema/content/policy version; atomic validation","diagnostics/read-only explanation where applicable"
"RB-3-003","3",43,"","state","versions/schemas; see DEPENDENCIES.md","Designed","T15",2,"","","schema/content/policy version; atomic validation","diagnostics/read-only explanation where applicable"
"RB-3-004","3",45,"","state","versions/schemas; see DEPENDENCIES.md","Designed","T15",2,"","","schema/content/policy version; atomic validation","diagnostics/read-only explanation where applicable"
"RB-3-005","3",47,"","state","versions/schemas; see DEPENDENCIES.md","Designed","T15",2,"","","schema/content/policy version; atomic validation","diagnostics/read-only explanation where applicable"
"RB-3A-001","3A",51,"","state","versions/schemas; see DEPENDENCIES.md","Designed","T15",2,"","","schema/content/policy version; atomic validation","diagnostics/read-only explanation where applicable"
"RB-3A-002","3A",53,"","state","versions/schemas; see DEPENDENCIES.md","Designed","T15",2,"","","schema/content/policy version; atomic validation","diagnostics/read-only explanation where applicable"
"RB-3A-003","3A",54,"","state","versions/schemas; see DEPENDENCIES.md","Designed","T15",2,"","","schema/content/policy version; atomic validation","diagnostics/read-only explanation where applicable"
"RB-3A-004","3A",55,"","state","versions/schemas; see DEPENDENCIES.md","Designed","T15",2,"","","schema/content/policy version; atomic validation","diagnostics/read-only explanation where applicable"
"RB-3A-005","3A",56,"","state","versions/schemas; see DEPENDENCIES.md","Designed","T15",2,"","","schema/content/policy version; atomic validation","diagnostics/read-only explanation where applicable"
"RB-3A-006","3A",57,"","state","versions/schemas; see DEPENDENCIES.md","Designed","T15",2,"","","schema/content/policy version; atomic validation","diagnostics/read-only explanation where applicable"
"RB-3A-007","3A",58,"","state","versions/schemas; see DEPENDENCIES.md","Designed","T15",2,"","","schema/content/policy version; atomic validation","diagnostics/read-only explanation where applicable"
"RB-3A-008","3A",59,"","state","versions/schemas; see DEPENDENCIES.md","Designed","T15",2,"","","schema/content/policy version; atomic validation","diagnostics/read-only explanation where applicable"
"RB-3A-009","3A",60,"","state","versions/schemas; see DEPENDENCIES.md","Designed","T15",2,"","","schema/content/policy version; atomic validation","diagnostics/read-only explanation where applicable"
"RB-3A-010","3A",61,"","state","versions/schemas; see DEPENDENCIES.md","Designed","T15",2,"","","schema/content/policy version; atomic validation","diagnostics/read-only explanation where applicable"
"RB-3A-011","3A",62,"","state","versions/schemas; see DEPENDENCIES.md","Designed","T15",2,"","","schema/content/policy version; atomic validation","diagnostics/read-only explanation where applicable"
"RB-3A-012","3A",63,"","state","versions/schemas; see DEPENDENCIES.md","Designed","T15",2,"","","schema/content/policy version; atomic validation","diagnostics/read-only explanation where applicable"
"RB-3A-013","3A",64,"","state","versions/schemas; see DEPENDENCIES.md","Designed","T15",2,"","","schema/content/policy version; atomic validation","diagnostics/read-only explanation where applicable"
"RB-3A-014","3A",65,"","state","versions/schemas; see DEPENDENCIES.md","Designed","T15",2,"","","schema/content/policy version; atomic validation","diagnostics/read-only explanation where applicable"
"RB-3A-015","3A",66,"","state","versions/schemas; see DEPENDENCIES.md","Designed","T15",2,"","","schema/content/policy version; atomic validation","diagnostics/read-only explanation where applicable"
"RB-3A-016","3A",67,"","state","versions/schemas; see DEPENDENCIES.md","Designed","T15",2,"","","schema/content/policy version; atomic validation","diagnostics/read-only explanation where applicable"
"RB-3B-001","3B",71,"","state","versions/schemas; see DEPENDENCIES.md","Designed","T15",2,"","","schema/content/policy version; atomic validation","diagnostics/read-only explanation where applicable"
"RB-3B-002","3B",73,"","state","versions/schemas; see DEPENDENCIES.md","Designed","T15",2,"","","schema/content/policy version; atomic validation","diagnostics/read-only explanation where applicable"
"RB-3B-003","3B",75,"","state","versions/schemas; see DEPENDENCIES.md","Designed","T15",2,"","","schema/content/policy version; atomic validation","diagnostics/read-only explanation where applicable"
"RB-4-001","4",79,"","platform","versions/schemas; see DEPENDENCIES.md","Designed","T03/T19",0,"","","no direct durable mutation; retain content/build version","diagnostics/read-only explanation where applicable"
"RB-4-002","4",81,"","platform","versions/schemas; see DEPENDENCIES.md","Designed","T03/T19",0,"","","no direct durable mutation; retain content/build version","diagnostics/read-only explanation where applicable"
"RB-4-003","4",83,"","platform","versions/schemas; see DEPENDENCIES.md","Designed","T03/T19",0,"","","no direct durable mutation; retain content/build version","diagnostics/read-only explanation where applicable"
"RB-4-004","4",85,"","platform","versions/schemas; see DEPENDENCIES.md","Designed","T03/T19",0,"","","no direct durable mutation; retain content/build version","diagnostics/read-only explanation where applicable"
"RB-4-005","4",87,"","platform","versions/schemas; see DEPENDENCIES.md","Designed","T03/T19",0,"","","no direct durable mutation; retain content/build version","diagnostics/read-only explanation where applicable"
"RB-4-006","4",89,"","platform","versions/schemas; see DEPENDENCIES.md","Designed","T03/T19",0,"","","no direct durable mutation; retain content/build version","diagnostics/read-only explanation where applicable"
"RB-4-007","4",93,"","platform","versions/schemas; see DEPENDENCIES.md","Designed","T03/T19",0,"","","no direct durable mutation; retain content/build version","diagnostics/read-only explanation where applicable"
"RB-4-008","4",95,"","platform","versions/schemas; see DEPENDENCIES.md","Designed","T03/T19",0,"","","no direct durable mutation; retain content/build version","diagnostics/read-only explanation where applicable"
"RB-4-009","4",96,"","platform","versions/schemas; see DEPENDENCIES.md","Designed","T03/T19",0,"","","no direct durable mutation; retain content/build version","diagnostics/read-only explanation where applicable"
"RB-4-010","4",97,"","platform","versions/schemas; see DEPENDENCIES.md","Designed","T03/T19",0,"","","no direct durable mutation; retain content/build version","diagnostics/read-only explanation where applicable"
"RB-4-011","4",98,"","platform","versions/schemas; see DEPENDENCIES.md","Designed","T03/T19",0,"","","no direct durable mutation; retain content/build version","diagnostics/read-only explanation where applicable"
"RB-4-012","4",99,"","platform","versions/schemas; see DEPENDENCIES.md","Designed","T03/T19",0,"","","no direct durable mutation; retain content/build version","diagnostics/read-only explanation where applicable"
"RB-4-013","4",100,"","platform","versions/schemas; see DEPENDENCIES.md","Designed","T03/T19",0,"","","no direct durable mutation; retain content/build version","diagnostics/read-only explanation where applicable"
"RB-4-014","4",101,"","platform","versions/schemas; see DEPENDENCIES.md","Designed","T03/T19",0,"","","no direct durable mutation; retain content/build version","diagnostics/read-only explanation where applicable"
"RB-4-015","4",102,"","platform","versions/schemas; see DEPENDENCIES.md","Designed","T03/T19",0,"","","no direct durable mutation; retain content/build version","diagnostics/read-only explanation where applicable"
"RB-4-016","4",104,"","platform","versions/schemas; see DEPENDENCIES.md","Designed","T03/T19",0,"","","no direct durable mutation; retain content/build version","diagnostics/read-only explanation where applicable"
"RB-5-001","5",108,"","space","content identities; validated owned snapshot","Designed","T06",1,"src/construction/geometry.ts; src/persistence/campaign.ts; src/render/projection.ts; src/render/world.ts","tests/unit/construction.test.ts; tests/unit/foundation.test.ts; tests/browser/gate1.spec.ts","no direct durable mutation; retain content/build version","diagnostics/read-only explanation where applicable"
"RB-5-002","5",110,"","space","versions/schemas; see DEPENDENCIES.md","Designed","T06",1,"","","no direct durable mutation; retain content/build version","diagnostics/read-only explanation where applicable"
"RB-5-003","5",112,"","space","content identities; validated owned snapshot","Designed","T06",1,"src/construction/geometry.ts; src/persistence/campaign.ts; src/render/projection.ts; src/render/world.ts","tests/unit/construction.test.ts; tests/unit/foundation.test.ts; tests/browser/gate1.spec.ts","no direct durable mutation; retain content/build version","diagnostics/read-only explanation where applicable"
"RB-5-004","5",114,"","space","content identities; validated owned snapshot","Designed","T06",1,"src/construction/geometry.ts; src/persistence/campaign.ts; src/render/projection.ts; src/render/world.ts","tests/unit/construction.test.ts; tests/unit/foundation.test.ts; tests/browser/gate1.spec.ts","no direct durable mutation; retain content/build version","diagnostics/read-only explanation where applicable"
"RB-5-005","5",116,"","space","content identities; validated owned snapshot","Designed","T06",1,"src/construction/geometry.ts; src/persistence/campaign.ts; src/render/projection.ts; src/render/world.ts","tests/unit/construction.test.ts; tests/unit/foundation.test.ts; tests/browser/gate1.spec.ts","no direct durable mutation; retain content/build version","diagnostics/read-only explanation where applicable"
"RB-5-006","5",118,"","space","content identities; validated owned snapshot","Designed","T06",1,"src/construction/geometry.ts; src/persistence/campaign.ts; src/render/projection.ts; src/render/world.ts","tests/unit/construction.test.ts; tests/unit/foundation.test.ts; tests/browser/gate1.spec.ts","no direct durable mutation; retain content/build version","diagnostics/read-only explanation where applicable"
"RB-5-007","5",120,"","space","versions/schemas; see DEPENDENCIES.md","Designed","T06",1,"","","no direct durable mutation; retain content/build version","diagnostics/read-only explanation where applicable"
"RB-5-008","5",122,"","space","versions/schemas; see DEPENDENCIES.md","Designed","T06",1,"","","no direct durable mutation; retain content/build version","diagnostics/read-only explanation where applicable"
"RB-5-009","5",124,"","space","content identities; validated owned snapshot","Designed","T06",1,"src/construction/geometry.ts; src/persistence/campaign.ts; src/render/projection.ts; src/render/world.ts","tests/unit/construction.test.ts; tests/unit/foundation.test.ts; tests/browser/gate1.spec.ts","no direct durable mutation; retain content/build version","diagnostics/read-only explanation where applicable"
"RB-5A-001","5A",128,"","space","content identities; validated owned snapshot","Designed","T06",1,"src/construction/geometry.ts; src/persistence/campaign.ts; src/render/projection.ts; src/render/world.ts","tests/unit/construction.test.ts; tests/unit/foundation.test.ts; tests/browser/gate1.spec.ts","no direct durable mutation; retain content/build version","diagnostics/read-only explanation where applicable"
"RB-5A-002","5A",130,"","space","content identities; validated owned snapshot","Designed","T06",1,"src/construction/geometry.ts; src/persistence/campaign.ts; src/render/projection.ts; src/render/world.ts","tests/unit/construction.test.ts; tests/unit/foundation.test.ts; tests/browser/gate1.spec.ts","no direct durable mutation; retain content/build version","diagnostics/read-only explanation where applicable"
"RB-5A-003","5A",132,"","space","versions/schemas; see DEPENDENCIES.md","Designed","T06",1,"","","no direct durable mutation; retain content/build version","diagnostics/read-only explanation where applicable"
"RB-5A-004","5A",134,"","space","versions/schemas; see DEPENDENCIES.md","Designed","T06",1,"","","no direct durable mutation; retain content/build version","diagnostics/read-only explanation where applicable"
"RB-5A-005","5A",136,"","space","versions/schemas; see DEPENDENCIES.md","Designed","T06",1,"","","no direct durable mutation; retain content/build version","diagnostics/read-only explanation where applicable"
"RB-5A-006","5A",138,"","space","versions/schemas; see DEPENDENCIES.md","Designed","T06",1,"","","no direct durable mutation; retain content/build version","diagnostics/read-only explanation where applicable"
"RB-5A-007","5A",140,"","space","versions/schemas; see DEPENDENCIES.md","Designed","T06",1,"","","no direct durable mutation; retain content/build version","diagnostics/read-only explanation where applicable"
"RB-6-001","6",144,"","simulation","versions/schemas; see DEPENDENCIES.md","Designed","T02/T04/T05",2,"","","no direct durable mutation; retain content/build version","diagnostics/read-only explanation where applicable"
"RB-6-002","6",146,"","simulation","versions/schemas; see DEPENDENCIES.md","Designed","T02/T04/T05",2,"","","no direct durable mutation; retain content/build version","diagnostics/read-only explanation where applicable"
"RB-6-003","6",148,"","simulation","versions/schemas; see DEPENDENCIES.md","Designed","T02/T04/T05",2,"","","no direct durable mutation; retain content/build version","diagnostics/read-only explanation where applicable"
"RB-6-004","6",150,"","simulation","versions/schemas; see DEPENDENCIES.md","Designed","T02/T04/T05",2,"","","no direct durable mutation; retain content/build version","diagnostics/read-only explanation where applicable"
"RB-6-005","6",152,"","simulation","versions/schemas; see DEPENDENCIES.md","Designed","T02/T04/T05",2,"","","no direct durable mutation; retain content/build version","diagnostics/read-only explanation where applicable"
"RB-6-006","6",154,"","simulation","versions/schemas; see DEPENDENCIES.md","Designed","T02/T04/T05",2,"","","no direct durable mutation; retain content/build version","diagnostics/read-only explanation where applicable"
"RB-6-007","6",156,"","simulation","versions/schemas; see DEPENDENCIES.md","Designed","T02/T04/T05",2,"","","no direct durable mutation; retain content/build version","diagnostics/read-only explanation where applicable"
"RB-7-001","7",160,"","friendly-content","versions/schemas; see DEPENDENCIES.md","Designed","T01/T09",5,"","","no direct durable mutation; retain content/build version","stable art/audio keys; semantic control; T16/T17"
"RB-7-002","7",164,"","friendly-content","versions/schemas; see DEPENDENCIES.md","Designed","T01/T09",5,"","","no direct durable mutation; retain content/build version","stable art/audio keys; semantic control; T16/T17"
"RB-7-003","7",166,"","friendly-content","versions/schemas; see DEPENDENCIES.md","Designed","T01/T09",5,"","","no direct durable mutation; retain content/build version","stable art/audio keys; semantic control; T16/T17"
"RB-7-004","7",167,"","friendly-content","versions/schemas; see DEPENDENCIES.md","Designed","T01/T09",5,"","","no direct durable mutation; retain content/build version","stable art/audio keys; semantic control; T16/T17"
"RB-7-005","7",168,"","friendly-content","versions/schemas; see DEPENDENCIES.md","Designed","T01/T09",5,"","","no direct durable mutation; retain content/build version","stable art/audio keys; semantic control; T16/T17"
"RB-7-006","7",169,"","friendly-content","versions/schemas; see DEPENDENCIES.md","Designed","T01/T09",5,"","","no direct durable mutation; retain content/build version","stable art/audio keys; semantic control; T16/T17"
"RB-7-007","7",170,"","friendly-content","versions/schemas; see DEPENDENCIES.md","Designed","T01/T09",5,"","","no direct durable mutation; retain content/build version","stable art/audio keys; semantic control; T16/T17"
"RB-7-008","7",171,"","friendly-content","versions/schemas; see DEPENDENCIES.md","Designed","T01/T09",5,"","","no direct durable mutation; retain content/build version","stable art/audio keys; semantic control; T16/T17"
"RB-7-009","7",172,"","friendly-content","versions/schemas; see DEPENDENCIES.md","Designed","T01/T09",5,"","","no direct durable mutation; retain content/build version","stable art/audio keys; semantic control; T16/T17"
"RB-7-010","7",173,"","friendly-content","versions/schemas; see DEPENDENCIES.md","Designed","T01/T09",5,"","","no direct durable mutation; retain content/build version","stable art/audio keys; semantic control; T16/T17"
"RB-7-011","7",177,"","friendly-content","versions/schemas; see DEPENDENCIES.md","Designed","T01/T09",5,"","","no direct durable mutation; retain content/build version","stable art/audio keys; semantic control; T16/T17"
"RB-7-012","7",179,"","friendly-content","versions/schemas; see DEPENDENCIES.md","Designed","T01/T09",5,"","","no direct durable mutation; retain content/build version","stable art/audio keys; semantic control; T16/T17"
"RB-7-013","7",180,"","friendly-content","versions/schemas; see DEPENDENCIES.md","Designed","T01/T09",5,"","","no direct durable mutation; retain content/build version","stable art/audio keys; semantic control; T16/T17"
"RB-7-014","7",181,"","friendly-content","versions/schemas; see DEPENDENCIES.md","Designed","T01/T09",5,"","","no direct durable mutation; retain content/build version","stable art/audio keys; semantic control; T16/T17"
"RB-7-015","7",182,"","friendly-content","versions/schemas; see DEPENDENCIES.md","Designed","T01/T09",5,"","","no direct durable mutation; retain content/build version","stable art/audio keys; semantic control; T16/T17"
"RB-7-016","7",183,"","friendly-content","versions/schemas; see DEPENDENCIES.md","Designed","T01/T09",5,"","","no direct durable mutation; retain content/build version","stable art/audio keys; semantic control; T16/T17"
"RB-7-017","7",184,"","friendly-content","versions/schemas; see DEPENDENCIES.md","Designed","T01/T09",5,"","","no direct durable mutation; retain content/build version","stable art/audio keys; semantic control; T16/T17"
"RB-7-018","7",186,"","friendly-content","versions/schemas; see DEPENDENCIES.md","Designed","T01/T09",5,"","","no direct durable mutation; retain content/build version","stable art/audio keys; semantic control; T16/T17"
"RB-7-019","7",190,"","friendly-content","versions/schemas; see DEPENDENCIES.md","Designed","T01/T09",5,"","","no direct durable mutation; retain content/build version","stable art/audio keys; semantic control; T16/T17"
"RB-7-020","7",192,"","friendly-content","versions/schemas; see DEPENDENCIES.md","Designed","T01/T09",5,"","","no direct durable mutation; retain content/build version","stable art/audio keys; semantic control; T16/T17"
"RB-7-021","7",193,"","friendly-content","versions/schemas; see DEPENDENCIES.md","Designed","T01/T09",5,"","","no direct durable mutation; retain content/build version","stable art/audio keys; semantic control; T16/T17"
"RB-7-022","7",194,"","friendly-content","versions/schemas; see DEPENDENCIES.md","Designed","T01/T09",5,"","","no direct durable mutation; retain content/build version","stable art/audio keys; semantic control; T16/T17"
"RB-7-023","7",195,"","friendly-content","versions/schemas; see DEPENDENCIES.md","Designed","T01/T09",5,"","","no direct durable mutation; retain content/build version","stable art/audio keys; semantic control; T16/T17"
"RB-7-024","7",196,"","friendly-content","versions/schemas; see DEPENDENCIES.md","Designed","T01/T09",5,"","","no direct durable mutation; retain content/build version","stable art/audio keys; semantic control; T16/T17"
"RB-7-025","7",197,"","friendly-content","versions/schemas; see DEPENDENCIES.md","Designed","T01/T09",5,"","","no direct durable mutation; retain content/build version","stable art/audio keys; semantic control; T16/T17"
"RB-7-026","7",199,"","friendly-content","versions/schemas; see DEPENDENCIES.md","Designed","T01/T09",5,"","","no direct durable mutation; retain content/build version","stable art/audio keys; semantic control; T16/T17"
"RB-7-027","7",203,"","friendly-content","versions/schemas; see DEPENDENCIES.md","Designed","T01/T09",5,"","","no direct durable mutation; retain content/build version","stable art/audio keys; semantic control; T16/T17"
"RB-7-028","7",205,"","friendly-content","versions/schemas; see DEPENDENCIES.md","Designed","T01/T09",5,"","","no direct durable mutation; retain content/build version","stable art/audio keys; semantic control; T16/T17"
"RB-7-029","7",207,"","friendly-content","versions/schemas; see DEPENDENCIES.md","Designed","T01/T09",5,"","","no direct durable mutation; retain content/build version","stable art/audio keys; semantic control; T16/T17"
"RB-7-030","7",208,"","friendly-content","versions/schemas; see DEPENDENCIES.md","Designed","T01/T09",5,"","","no direct durable mutation; retain content/build version","stable art/audio keys; semantic control; T16/T17"
"RB-7-031","7",209,"","friendly-content","versions/schemas; see DEPENDENCIES.md","Designed","T01/T09",5,"","","no direct durable mutation; retain content/build version","stable art/audio keys; semantic control; T16/T17"
"RB-7-032","7",210,"","friendly-content","versions/schemas; see DEPENDENCIES.md","Designed","T01/T09",5,"","","no direct durable mutation; retain content/build version","stable art/audio keys; semantic control; T16/T17"
"RB-7-033","7",211,"","friendly-content","versions/schemas; see DEPENDENCIES.md","Designed","T01/T09",5,"","","no direct durable mutation; retain content/build version","stable art/audio keys; semantic control; T16/T17"
"RB-7-034","7",212,"","friendly-content","versions/schemas; see DEPENDENCIES.md","Designed","T01/T09",5,"","","no direct durable mutation; retain content/build version","stable art/audio keys; semantic control; T16/T17"
"RB-7-035","7",213,"","friendly-content","versions/schemas; see DEPENDENCIES.md","Designed","T01/T09",5,"","","no direct durable mutation; retain content/build version","stable art/audio keys; semantic control; T16/T17"
"RB-7-036","7",214,"","friendly-content","versions/schemas; see DEPENDENCIES.md","Designed","T01/T09",5,"","","no direct durable mutation; retain content/build version","stable art/audio keys; semantic control; T16/T17"
"RB-7-037","7",218,"","friendly-content","versions/schemas; see DEPENDENCIES.md","Designed","T01/T09",5,"","","no direct durable mutation; retain content/build version","stable art/audio keys; semantic control; T16/T17"
"RB-7-038","7",220,"","friendly-content","versions/schemas; see DEPENDENCIES.md","Designed","T01/T09",5,"","","no direct durable mutation; retain content/build version","stable art/audio keys; semantic control; T16/T17"
"RB-7-039","7",222,"","friendly-content","versions/schemas; see DEPENDENCIES.md","Designed","T01/T09",5,"","","no direct durable mutation; retain content/build version","stable art/audio keys; semantic control; T16/T17"
"RB-7-040","7",223,"","friendly-content","versions/schemas; see DEPENDENCIES.md","Designed","T01/T09",5,"","","no direct durable mutation; retain content/build version","stable art/audio keys; semantic control; T16/T17"
"RB-7-041","7",224,"","friendly-content","versions/schemas; see DEPENDENCIES.md","Designed","T01/T09",5,"","","no direct durable mutation; retain content/build version","stable art/audio keys; semantic control; T16/T17"
"RB-7-042","7",225,"","friendly-content","versions/schemas; see DEPENDENCIES.md","Designed","T01/T09",5,"","","no direct durable mutation; retain content/build version","stable art/audio keys; semantic control; T16/T17"
"RB-7-043","7",226,"","friendly-content","versions/schemas; see DEPENDENCIES.md","Designed","T01/T09",5,"","","no direct durable mutation; retain content/build version","stable art/audio keys; semantic control; T16/T17"
"RB-7-044","7",227,"","friendly-content","versions/schemas; see DEPENDENCIES.md","Designed","T01/T09",5,"","","no direct durable mutation; retain content/build version","stable art/audio keys; semantic control; T16/T17"
"RB-7-045","7",228,"","friendly-content","versions/schemas; see DEPENDENCIES.md","Designed","T01/T09",5,"","","no direct durable mutation; retain content/build version","stable art/audio keys; semantic control; T16/T17"
"RB-7-046","7",229,"","friendly-content","versions/schemas; see DEPENDENCIES.md","Designed","T01/T09",5,"","","no direct durable mutation; retain content/build version","stable art/audio keys; semantic control; T16/T17"
"RB-7-047","7",233,"","friendly-content","versions/schemas; see DEPENDENCIES.md","Designed","T01/T09",5,"","","no direct durable mutation; retain content/build version","stable art/audio keys; semantic control; T16/T17"
"RB-7-048","7",235,"","friendly-content","versions/schemas; see DEPENDENCIES.md","Designed","T01/T09",5,"","","no direct durable mutation; retain content/build version","stable art/audio keys; semantic control; T16/T17"
"RB-7-049","7",237,"","friendly-content","versions/schemas; see DEPENDENCIES.md","Designed","T01/T09",5,"","","no direct durable mutation; retain content/build version","stable art/audio keys; semantic control; T16/T17"
"RB-7-050","7",238,"","friendly-content","versions/schemas; see DEPENDENCIES.md","Designed","T01/T09",5,"","","no direct durable mutation; retain content/build version","stable art/audio keys; semantic control; T16/T17"
"RB-7-051","7",239,"","friendly-content","versions/schemas; see DEPENDENCIES.md","Designed","T01/T09",5,"","","no direct durable mutation; retain content/build version","stable art/audio keys; semantic control; T16/T17"
"RB-7-052","7",240,"","friendly-content","versions/schemas; see DEPENDENCIES.md","Designed","T01/T09",5,"","","no direct durable mutation; retain content/build version","stable art/audio keys; semantic control; T16/T17"
"RB-8-001","8",244,"","wardens","versions/schemas; see DEPENDENCIES.md","Designed","T09",4,"","","no direct durable mutation; retain content/build version","stable art/audio keys; semantic control; T16/T17"
"RB-8-002","8",246,"","wardens","versions/schemas; see DEPENDENCIES.md","Designed","T09",4,"","","no direct durable mutation; retain content/build version","stable art/audio keys; semantic control; T16/T17"
"RB-8-003","8",248,"","wardens","versions/schemas; see DEPENDENCIES.md","Designed","T09",4,"","","no direct durable mutation; retain content/build version","stable art/audio keys; semantic control; T16/T17"
"RB-8-004","8",250,"","wardens","versions/schemas; see DEPENDENCIES.md","Designed","T09",4,"","","no direct durable mutation; retain content/build version","stable art/audio keys; semantic control; T16/T17"
"RB-8-005","8",251,"","wardens","versions/schemas; see DEPENDENCIES.md","Designed","T09",4,"","","no direct durable mutation; retain content/build version","stable art/audio keys; semantic control; T16/T17"
"RB-8-006","8",252,"","wardens","versions/schemas; see DEPENDENCIES.md","Designed","T09",4,"","","no direct durable mutation; retain content/build version","stable art/audio keys; semantic control; T16/T17"
"RB-8-007","8",253,"","wardens","versions/schemas; see DEPENDENCIES.md","Designed","T09",4,"","","no direct durable mutation; retain content/build version","stable art/audio keys; semantic control; T16/T17"
"RB-8-008","8",254,"","wardens","versions/schemas; see DEPENDENCIES.md","Designed","T09",4,"","","no direct durable mutation; retain content/build version","stable art/audio keys; semantic control; T16/T17"
"RB-8-009","8",255,"","wardens","versions/schemas; see DEPENDENCIES.md","Designed","T09",4,"","","no direct durable mutation; retain content/build version","stable art/audio keys; semantic control; T16/T17"
"RB-8-010","8",256,"","wardens","versions/schemas; see DEPENDENCIES.md","Designed","T09",4,"","","no direct durable mutation; retain content/build version","stable art/audio keys; semantic control; T16/T17"
"RB-8-011","8",257,"","wardens","versions/schemas; see DEPENDENCIES.md","Designed","T09",4,"","","no direct durable mutation; retain content/build version","stable art/audio keys; semantic control; T16/T17"
"RB-8-012","8",258,"","wardens","versions/schemas; see DEPENDENCIES.md","Designed","T09",4,"","","no direct durable mutation; retain content/build version","stable art/audio keys; semantic control; T16/T17"
"RB-8-013","8",259,"","wardens","versions/schemas; see DEPENDENCIES.md","Designed","T09",4,"","","no direct durable mutation; retain content/build version","stable art/audio keys; semantic control; T16/T17"
"RB-8-014","8",260,"","wardens","versions/schemas; see DEPENDENCIES.md","Designed","T09",4,"","","no direct durable mutation; retain content/build version","stable art/audio keys; semantic control; T16/T17"
"RB-8-015","8",261,"","wardens","versions/schemas; see DEPENDENCIES.md","Designed","T09",4,"","","no direct durable mutation; retain content/build version","stable art/audio keys; semantic control; T16/T17"
"RB-8-016","8",263,"","wardens","versions/schemas; see DEPENDENCIES.md","Designed","T09",4,"","","no direct durable mutation; retain content/build version","stable art/audio keys; semantic control; T16/T17"
"RB-9-001","9",267,"","progression","versions/schemas; see DEPENDENCIES.md","Designed","T02/T12",3,"","","schema/content/policy version; atomic validation","diagnostics/read-only explanation where applicable"
"RB-9-002","9",269,"","progression","versions/schemas; see DEPENDENCIES.md","Designed","T02/T12",3,"","","schema/content/policy version; atomic validation","diagnostics/read-only explanation where applicable"
"RB-9-003","9",271,"","progression","versions/schemas; see DEPENDENCIES.md","Designed","T02/T12",3,"","","schema/content/policy version; atomic validation","diagnostics/read-only explanation where applicable"
"RB-9-004","9",273,"","progression","versions/schemas; see DEPENDENCIES.md","Designed","T02/T12",3,"","","schema/content/policy version; atomic validation","diagnostics/read-only explanation where applicable"
"RB-9-005","9",275,"","progression","versions/schemas; see DEPENDENCIES.md","Designed","T02/T12",3,"","","schema/content/policy version; atomic validation","diagnostics/read-only explanation where applicable"
"RB-9-006","9",276,"","progression","versions/schemas; see DEPENDENCIES.md","Designed","T02/T12",3,"","","schema/content/policy version; atomic validation","diagnostics/read-only explanation where applicable"
"RB-9-007","9",277,"","progression","versions/schemas; see DEPENDENCIES.md","Designed","T02/T12",3,"","","schema/content/policy version; atomic validation","diagnostics/read-only explanation where applicable"
"RB-9-008","9",278,"","progression","versions/schemas; see DEPENDENCIES.md","Designed","T02/T12",3,"","","schema/content/policy version; atomic validation","diagnostics/read-only explanation where applicable"
"RB-9-009","9",279,"","progression","versions/schemas; see DEPENDENCIES.md","Designed","T02/T12",3,"","","schema/content/policy version; atomic validation","diagnostics/read-only explanation where applicable"
"RB-9-010","9",280,"","progression","versions/schemas; see DEPENDENCIES.md","Designed","T02/T12",3,"","","schema/content/policy version; atomic validation","diagnostics/read-only explanation where applicable"
"RB-9-011","9",282,"","progression","versions/schemas; see DEPENDENCIES.md","Designed","T02/T12",3,"","","schema/content/policy version; atomic validation","diagnostics/read-only explanation where applicable"
"RB-9-012","9",284,"","progression","versions/schemas; see DEPENDENCIES.md","Designed","T02/T12",3,"","","schema/content/policy version; atomic validation","diagnostics/read-only explanation where applicable"
"RB-10-001","10",288,"","hostile-content","versions/schemas; see DEPENDENCIES.md","Designed","T01/T09",5,"","","no direct durable mutation; retain content/build version","stable art/audio keys; semantic control; T16/T17"
"RB-10-002","10",290,"","hostile-content","versions/schemas; see DEPENDENCIES.md","Designed","T01/T09",5,"","","no direct durable mutation; retain content/build version","stable art/audio keys; semantic control; T16/T17"
"RB-10-003","10",292,"","hostile-content","versions/schemas; see DEPENDENCIES.md","Designed","T01/T09",5,"","","no direct durable mutation; retain content/build version","stable art/audio keys; semantic control; T16/T17"
"RB-10-004","10",293,"","hostile-content","versions/schemas; see DEPENDENCIES.md","Designed","T01/T09",5,"","","no direct durable mutation; retain content/build version","stable art/audio keys; semantic control; T16/T17"
"RB-10-005","10",294,"","hostile-content","versions/schemas; see DEPENDENCIES.md","Designed","T01/T09",5,"","","no direct durable mutation; retain content/build version","stable art/audio keys; semantic control; T16/T17"
"RB-10-006","10",295,"","hostile-content","versions/schemas; see DEPENDENCIES.md","Designed","T01/T09",5,"","","no direct durable mutation; retain content/build version","stable art/audio keys; semantic control; T16/T17"
"RB-10-007","10",296,"","hostile-content","versions/schemas; see DEPENDENCIES.md","Designed","T01/T09",5,"","","no direct durable mutation; retain content/build version","stable art/audio keys; semantic control; T16/T17"
"RB-10-008","10",297,"","hostile-content","versions/schemas; see DEPENDENCIES.md","Designed","T01/T09",5,"","","no direct durable mutation; retain content/build version","stable art/audio keys; semantic control; T16/T17"
"RB-10-009","10",298,"","hostile-content","versions/schemas; see DEPENDENCIES.md","Designed","T01/T09",5,"","","no direct durable mutation; retain content/build version","stable art/audio keys; semantic control; T16/T17"
"RB-10-010","10",299,"","hostile-content","versions/schemas; see DEPENDENCIES.md","Designed","T01/T09",5,"","","no direct durable mutation; retain content/build version","stable art/audio keys; semantic control; T16/T17"
"RB-10-011","10",300,"","hostile-content","versions/schemas; see DEPENDENCIES.md","Designed","T01/T09",5,"","","no direct durable mutation; retain content/build version","stable art/audio keys; semantic control; T16/T17"
"RB-10-012","10",301,"","hostile-content","versions/schemas; see DEPENDENCIES.md","Designed","T01/T09",5,"","","no direct durable mutation; retain content/build version","stable art/audio keys; semantic control; T16/T17"
"RB-10-013","10",302,"","hostile-content","versions/schemas; see DEPENDENCIES.md","Designed","T01/T09",5,"","","no direct durable mutation; retain content/build version","stable art/audio keys; semantic control; T16/T17"
"RB-10-014","10",303,"","hostile-content","versions/schemas; see DEPENDENCIES.md","Designed","T01/T09",5,"","","no direct durable mutation; retain content/build version","stable art/audio keys; semantic control; T16/T17"
"RB-10-015","10",304,"","hostile-content","versions/schemas; see DEPENDENCIES.md","Designed","T01/T09",5,"","","no direct durable mutation; retain content/build version","stable art/audio keys; semantic control; T16/T17"
"RB-10-016","10",305,"","hostile-content","versions/schemas; see DEPENDENCIES.md","Designed","T01/T09",5,"","","no direct durable mutation; retain content/build version","stable art/audio keys; semantic control; T16/T17"
"RB-10-017","10",306,"","hostile-content","versions/schemas; see DEPENDENCIES.md","Designed","T01/T09",5,"","","no direct durable mutation; retain content/build version","stable art/audio keys; semantic control; T16/T17"
"RB-10-018","10",307,"","hostile-content","versions/schemas; see DEPENDENCIES.md","Designed","T01/T09",5,"","","no direct durable mutation; retain content/build version","stable art/audio keys; semantic control; T16/T17"
"RB-10-019","10",309,"","hostile-content","versions/schemas; see DEPENDENCIES.md","Designed","T01/T09",5,"","","no direct durable mutation; retain content/build version","stable art/audio keys; semantic control; T16/T17"
"RB-10-020","10",311,"","hostile-content","versions/schemas; see DEPENDENCIES.md","Designed","T01/T09",5,"","","no direct durable mutation; retain content/build version","stable art/audio keys; semantic control; T16/T17"
"RB-10-021","10",313,"","hostile-content","versions/schemas; see DEPENDENCIES.md","Designed","T01/T09",5,"","","no direct durable mutation; retain content/build version","stable art/audio keys; semantic control; T16/T17"
"RB-11-001","11",317,"","bosses","versions/schemas; see DEPENDENCIES.md","Designed","T10",6,"","","no direct durable mutation; retain content/build version","stable art/audio keys; semantic control; T16/T17"
"RB-11-002","11",319,"","bosses","versions/schemas; see DEPENDENCIES.md","Designed","T10",6,"","","no direct durable mutation; retain content/build version","stable art/audio keys; semantic control; T16/T17"
"RB-11-003","11",321,"","bosses","versions/schemas; see DEPENDENCIES.md","Designed","T10",6,"","","no direct durable mutation; retain content/build version","stable art/audio keys; semantic control; T16/T17"
"RB-11-004","11",322,"","bosses","versions/schemas; see DEPENDENCIES.md","Designed","T10",6,"","","no direct durable mutation; retain content/build version","stable art/audio keys; semantic control; T16/T17"
"RB-11-005","11",323,"","bosses","versions/schemas; see DEPENDENCIES.md","Designed","T10",6,"","","no direct durable mutation; retain content/build version","stable art/audio keys; semantic control; T16/T17"
"RB-11-006","11",324,"","bosses","versions/schemas; see DEPENDENCIES.md","Designed","T10",6,"","","no direct durable mutation; retain content/build version","stable art/audio keys; semantic control; T16/T17"
"RB-11-007","11",325,"","bosses","versions/schemas; see DEPENDENCIES.md","Designed","T10",6,"","","no direct durable mutation; retain content/build version","stable art/audio keys; semantic control; T16/T17"
"RB-11-008","11",326,"","bosses","versions/schemas; see DEPENDENCIES.md","Designed","T10",6,"","","no direct durable mutation; retain content/build version","stable art/audio keys; semantic control; T16/T17"
"RB-11-009","11",327,"","bosses","versions/schemas; see DEPENDENCIES.md","Designed","T10",6,"","","no direct durable mutation; retain content/build version","stable art/audio keys; semantic control; T16/T17"
"RB-11-010","11",328,"","bosses","versions/schemas; see DEPENDENCIES.md","Designed","T10",6,"","","no direct durable mutation; retain content/build version","stable art/audio keys; semantic control; T16/T17"
"RB-11-011","11",330,"","bosses","versions/schemas; see DEPENDENCIES.md","Designed","T10",6,"","","no direct durable mutation; retain content/build version","stable art/audio keys; semantic control; T16/T17"
"RB-12-001","12",334,"","encounters","versions/schemas; see DEPENDENCIES.md","Designed","T11/T15",6,"","","no direct durable mutation; retain content/build version","diagnostics/read-only explanation where applicable"
"RB-12-002","12",336,"","encounters","versions/schemas; see DEPENDENCIES.md","Designed","T11/T15",6,"","","no direct durable mutation; retain content/build version","diagnostics/read-only explanation where applicable"
"RB-12-003","12",338,"","encounters","versions/schemas; see DEPENDENCIES.md","Designed","T11/T15",6,"","","no direct durable mutation; retain content/build version","diagnostics/read-only explanation where applicable"
"RB-12-004","12",340,"","encounters","versions/schemas; see DEPENDENCIES.md","Designed","T11/T15",6,"","","no direct durable mutation; retain content/build version","diagnostics/read-only explanation where applicable"
"RB-12-005","12",342,"","encounters","versions/schemas; see DEPENDENCIES.md","Designed","T11/T15",6,"","","no direct durable mutation; retain content/build version","diagnostics/read-only explanation where applicable"
"RB-12-006","12",344,"","encounters","versions/schemas; see DEPENDENCIES.md","Designed","T11/T15",6,"","","no direct durable mutation; retain content/build version","diagnostics/read-only explanation where applicable"
"RB-12-007","12",346,"","encounters","versions/schemas; see DEPENDENCIES.md","Designed","T11/T15",6,"","","no direct durable mutation; retain content/build version","diagnostics/read-only explanation where applicable"
"RB-12A-001","12A",350,"","encounters","versions/schemas; see DEPENDENCIES.md","Designed","T11/T15",6,"","","no direct durable mutation; retain content/build version","diagnostics/read-only explanation where applicable"
"RB-12A-002","12A",352,"","encounters","versions/schemas; see DEPENDENCIES.md","Designed","T11/T15",6,"","","no direct durable mutation; retain content/build version","diagnostics/read-only explanation where applicable"
"RB-12A-003","12A",354,"","encounters","versions/schemas; see DEPENDENCIES.md","Designed","T11/T15",6,"","","no direct durable mutation; retain content/build version","diagnostics/read-only explanation where applicable"
"RB-13-001","13",358,"","progression","versions/schemas; see DEPENDENCIES.md","Designed","T12",3,"","","schema/content/policy version; atomic validation","diagnostics/read-only explanation where applicable"
"RB-13-002","13",360,"","progression","versions/schemas; see DEPENDENCIES.md","Designed","T12",3,"","","schema/content/policy version; atomic validation","diagnostics/read-only explanation where applicable"
"RB-13-003","13",362,"","progression","versions/schemas; see DEPENDENCIES.md","Designed","T12",3,"","","schema/content/policy version; atomic validation","diagnostics/read-only explanation where applicable"
"RB-13-004","13",364,"","progression","versions/schemas; see DEPENDENCIES.md","Designed","T12",3,"","","schema/content/policy version; atomic validation","diagnostics/read-only explanation where applicable"
"RB-13-005","13",366,"","progression","versions/schemas; see DEPENDENCIES.md","Designed","T12",3,"","","schema/content/policy version; atomic validation","diagnostics/read-only explanation where applicable"
"RB-13-006","13",368,"","progression","versions/schemas; see DEPENDENCIES.md","Designed","T12",3,"","","schema/content/policy version; atomic validation","diagnostics/read-only explanation where applicable"
"RB-13-007","13",370,"","progression","versions/schemas; see DEPENDENCIES.md","Designed","T12",3,"","","schema/content/policy version; atomic validation","diagnostics/read-only explanation where applicable"
"RB-13-008","13",372,"","progression","versions/schemas; see DEPENDENCIES.md","Designed","T12",3,"","","schema/content/policy version; atomic validation","diagnostics/read-only explanation where applicable"
"RB-14-001","14",376,"","ai","versions/schemas; see DEPENDENCIES.md","Designed","T07",4,"","","no direct durable mutation; retain content/build version","diagnostics/read-only explanation where applicable"
"RB-14-002","14",378,"","ai","versions/schemas; see DEPENDENCIES.md","Designed","T07",4,"","","no direct durable mutation; retain content/build version","diagnostics/read-only explanation where applicable"
"RB-14-003","14",380,"","ai","versions/schemas; see DEPENDENCIES.md","Designed","T07",4,"","","no direct durable mutation; retain content/build version","diagnostics/read-only explanation where applicable"
"RB-14-004","14",382,"","ai","versions/schemas; see DEPENDENCIES.md","Designed","T07",4,"","","no direct durable mutation; retain content/build version","diagnostics/read-only explanation where applicable"
"RB-14-005","14",384,"","ai","versions/schemas; see DEPENDENCIES.md","Designed","T07",4,"","","no direct durable mutation; retain content/build version","diagnostics/read-only explanation where applicable"
"RB-15-001","15",388,"","ui","versions/schemas; see DEPENDENCIES.md","Designed","T16",7,"","","no direct durable mutation; retain content/build version","stable art/audio keys; semantic control; T16/T17"
"RB-15-002","15",390,"","ui","versions/schemas; see DEPENDENCIES.md","Designed","T16",7,"","","no direct durable mutation; retain content/build version","stable art/audio keys; semantic control; T16/T17"
"RB-15-003","15",392,"","ui","versions/schemas; see DEPENDENCIES.md","Designed","T16",7,"","","no direct durable mutation; retain content/build version","stable art/audio keys; semantic control; T16/T17"
"RB-15-004","15",394,"","ui","versions/schemas; see DEPENDENCIES.md","Designed","T16",7,"","","no direct durable mutation; retain content/build version","stable art/audio keys; semantic control; T16/T17"
"RB-15-005","15",396,"","ui","versions/schemas; see DEPENDENCIES.md","Designed","T16",7,"","","no direct durable mutation; retain content/build version","stable art/audio keys; semantic control; T16/T17"
"RB-15-006","15",398,"","ui","versions/schemas; see DEPENDENCIES.md","Designed","T16",7,"","","no direct durable mutation; retain content/build version","stable art/audio keys; semantic control; T16/T17"
"RB-15-007","15",400,"","ui","versions/schemas; see DEPENDENCIES.md","Designed","T16",7,"","","no direct durable mutation; retain content/build version","stable art/audio keys; semantic control; T16/T17"
"RB-15-008","15",402,"","ui","versions/schemas; see DEPENDENCIES.md","Designed","T16",7,"","","no direct durable mutation; retain content/build version","stable art/audio keys; semantic control; T16/T17"
"RB-15A-001","15A",406,"","ui","versions/schemas; see DEPENDENCIES.md","Designed","T16",7,"","","no direct durable mutation; retain content/build version","stable art/audio keys; semantic control; T16/T17"
"RB-15A-002","15A",408,"","ui","versions/schemas; see DEPENDENCIES.md","Designed","T16",7,"","","no direct durable mutation; retain content/build version","stable art/audio keys; semantic control; T16/T17"
"RB-15A-003","15A",410,"","ui","versions/schemas; see DEPENDENCIES.md","Designed","T16",7,"","","no direct durable mutation; retain content/build version","stable art/audio keys; semantic control; T16/T17"
"RB-15A-004","15A",412,"","ui","versions/schemas; see DEPENDENCIES.md","Designed","T16",7,"","","no direct durable mutation; retain content/build version","stable art/audio keys; semantic control; T16/T17"
"RB-15A-005","15A",413,"","ui","versions/schemas; see DEPENDENCIES.md","Designed","T16",7,"","","no direct durable mutation; retain content/build version","stable art/audio keys; semantic control; T16/T17"
"RB-15A-006","15A",414,"","ui","versions/schemas; see DEPENDENCIES.md","Designed","T16",7,"","","no direct durable mutation; retain content/build version","stable art/audio keys; semantic control; T16/T17"
"RB-15A-007","15A",415,"","ui","versions/schemas; see DEPENDENCIES.md","Designed","T16",7,"","","no direct durable mutation; retain content/build version","stable art/audio keys; semantic control; T16/T17"
"RB-15A-008","15A",416,"","ui","versions/schemas; see DEPENDENCIES.md","Designed","T16",7,"","","no direct durable mutation; retain content/build version","stable art/audio keys; semantic control; T16/T17"
"RB-15A-009","15A",417,"","ui","versions/schemas; see DEPENDENCIES.md","Designed","T16",7,"","","no direct durable mutation; retain content/build version","stable art/audio keys; semantic control; T16/T17"
"RB-15A-010","15A",418,"","ui","versions/schemas; see DEPENDENCIES.md","Designed","T16",7,"","","no direct durable mutation; retain content/build version","stable art/audio keys; semantic control; T16/T17"
"RB-15A-011","15A",419,"","ui","versions/schemas; see DEPENDENCIES.md","Designed","T16",7,"","","no direct durable mutation; retain content/build version","stable art/audio keys; semantic control; T16/T17"
"RB-15A-012","15A",420,"","ui","versions/schemas; see DEPENDENCIES.md","Designed","T16",7,"","","no direct durable mutation; retain content/build version","stable art/audio keys; semantic control; T16/T17"
"RB-15A-013","15A",421,"","ui","versions/schemas; see DEPENDENCIES.md","Designed","T16",7,"","","no direct durable mutation; retain content/build version","stable art/audio keys; semantic control; T16/T17"
"RB-15A-014","15A",422,"","ui","versions/schemas; see DEPENDENCIES.md","Designed","T16",7,"","","no direct durable mutation; retain content/build version","stable art/audio keys; semantic control; T16/T17"
"RB-15A-015","15A",423,"","ui","versions/schemas; see DEPENDENCIES.md","Designed","T16",7,"","","no direct durable mutation; retain content/build version","stable art/audio keys; semantic control; T16/T17"
"RB-15A-016","15A",424,"","ui","versions/schemas; see DEPENDENCIES.md","Designed","T16",7,"","","no direct durable mutation; retain content/build version","stable art/audio keys; semantic control; T16/T17"
"RB-15A-017","15A",425,"","ui","versions/schemas; see DEPENDENCIES.md","Designed","T16",7,"","","no direct durable mutation; retain content/build version","stable art/audio keys; semantic control; T16/T17"
"RB-15A-018","15A",426,"","ui","versions/schemas; see DEPENDENCIES.md","Designed","T16",7,"","","no direct durable mutation; retain content/build version","stable art/audio keys; semantic control; T16/T17"
"RB-15A-019","15A",427,"","ui","versions/schemas; see DEPENDENCIES.md","Designed","T16",7,"","","no direct durable mutation; retain content/build version","stable art/audio keys; semantic control; T16/T17"
"RB-15A-020","15A",429,"","ui","versions/schemas; see DEPENDENCIES.md","Designed","T16",7,"","","no direct durable mutation; retain content/build version","stable art/audio keys; semantic control; T16/T17"
"RB-15B-001","15B",433,"","ui","versions/schemas; see DEPENDENCIES.md","Designed","T16",7,"","","no direct durable mutation; retain content/build version","stable art/audio keys; semantic control; T16/T17"
"RB-15B-002","15B",435,"","ui","versions/schemas; see DEPENDENCIES.md","Designed","T16",7,"","","no direct durable mutation; retain content/build version","stable art/audio keys; semantic control; T16/T17"
"RB-15B-003","15B",437,"","ui","versions/schemas; see DEPENDENCIES.md","Designed","T16",7,"","","no direct durable mutation; retain content/build version","stable art/audio keys; semantic control; T16/T17"
"RB-15B-004","15B",439,"","ui","versions/schemas; see DEPENDENCIES.md","Designed","T16",7,"","","no direct durable mutation; retain content/build version","stable art/audio keys; semantic control; T16/T17"
"RB-15B-005","15B",441,"","ui","versions/schemas; see DEPENDENCIES.md","Designed","T16",7,"","","no direct durable mutation; retain content/build version","stable art/audio keys; semantic control; T16/T17"
"RB-15B-006","15B",443,"","ui","versions/schemas; see DEPENDENCIES.md","Designed","T16",7,"","","no direct durable mutation; retain content/build version","stable art/audio keys; semantic control; T16/T17"
"RB-15C-001","15C",447,"","ui","versions/schemas; see DEPENDENCIES.md","Designed","T16",7,"","","no direct durable mutation; retain content/build version","stable art/audio keys; semantic control; T16/T17"
"RB-15C-002","15C",449,"","ui","versions/schemas; see DEPENDENCIES.md","Designed","T16",7,"","","no direct durable mutation; retain content/build version","stable art/audio keys; semantic control; T16/T17"
"RB-15C-003","15C",451,"","ui","versions/schemas; see DEPENDENCIES.md","Designed","T16",7,"","","no direct durable mutation; retain content/build version","stable art/audio keys; semantic control; T16/T17"
"RB-15C-004","15C",453,"","ui","versions/schemas; see DEPENDENCIES.md","Designed","T16",7,"","","no direct durable mutation; retain content/build version","stable art/audio keys; semantic control; T16/T17"
"RB-15C-005","15C",455,"","ui","versions/schemas; see DEPENDENCIES.md","Designed","T16",7,"","","no direct durable mutation; retain content/build version","stable art/audio keys; semantic control; T16/T17"
"RB-15C-006","15C",457,"","ui","versions/schemas; see DEPENDENCIES.md","Designed","T16",7,"","","no direct durable mutation; retain content/build version","stable art/audio keys; semantic control; T16/T17"
"RB-15D-001","15D",461,"","ui","versions/schemas; see DEPENDENCIES.md","Designed","T16",7,"","","no direct durable mutation; retain content/build version","stable art/audio keys; semantic control; T16/T17"
"RB-15D-002","15D",463,"","ui","versions/schemas; see DEPENDENCIES.md","Designed","T16",7,"","","no direct durable mutation; retain content/build version","stable art/audio keys; semantic control; T16/T17"
"RB-15D-003","15D",465,"","ui","versions/schemas; see DEPENDENCIES.md","Designed","T16",7,"","","no direct durable mutation; retain content/build version","stable art/audio keys; semantic control; T16/T17"
"RB-15D-004","15D",467,"","ui","versions/schemas; see DEPENDENCIES.md","Designed","T16",7,"","","no direct durable mutation; retain content/build version","stable art/audio keys; semantic control; T16/T17"
"RB-15D-005","15D",469,"","ui","versions/schemas; see DEPENDENCIES.md","Designed","T16",7,"","","no direct durable mutation; retain content/build version","stable art/audio keys; semantic control; T16/T17"
"RB-15D-006","15D",471,"","ui","versions/schemas; see DEPENDENCIES.md","Designed","T16",7,"","","no direct durable mutation; retain content/build version","stable art/audio keys; semantic control; T16/T17"
"RB-16-001","16",476,"","raster-art","versions/schemas; see DEPENDENCIES.md","Designed","T17",7,"","","no direct durable mutation; retain content/build version","stable art/audio keys; semantic control; T16/T17"
"RB-16-002","16",478,"","raster-art","versions/schemas; see DEPENDENCIES.md","Designed","T17",7,"","","no direct durable mutation; retain content/build version","stable art/audio keys; semantic control; T16/T17"
"RB-16-003","16",482,"","raster-art","versions/schemas; see DEPENDENCIES.md","Designed","T17",7,"","","no direct durable mutation; retain content/build version","stable art/audio keys; semantic control; T16/T17"
"RB-16-004","16",484,"","raster-art","versions/schemas; see DEPENDENCIES.md","Designed","T17",7,"","","no direct durable mutation; retain content/build version","stable art/audio keys; semantic control; T16/T17"
"RB-16-005","16",486,"","raster-art","versions/schemas; see DEPENDENCIES.md","Designed","T17",7,"","","no direct durable mutation; retain content/build version","stable art/audio keys; semantic control; T16/T17"
"RB-16-006","16",487,"","raster-art","versions/schemas; see DEPENDENCIES.md","Designed","T17",7,"","","no direct durable mutation; retain content/build version","stable art/audio keys; semantic control; T16/T17"
"RB-16-007","16",488,"","raster-art","versions/schemas; see DEPENDENCIES.md","Designed","T17",7,"","","no direct durable mutation; retain content/build version","stable art/audio keys; semantic control; T16/T17"
"RB-16-008","16",489,"","raster-art","versions/schemas; see DEPENDENCIES.md","Designed","T17",7,"","","no direct durable mutation; retain content/build version","stable art/audio keys; semantic control; T16/T17"
"RB-16-009","16",490,"","raster-art","versions/schemas; see DEPENDENCIES.md","Designed","T17",7,"","","no direct durable mutation; retain content/build version","stable art/audio keys; semantic control; T16/T17"
"RB-16-010","16",491,"","raster-art","versions/schemas; see DEPENDENCIES.md","Designed","T17",7,"","","no direct durable mutation; retain content/build version","stable art/audio keys; semantic control; T16/T17"
"RB-16-011","16",492,"","raster-art","versions/schemas; see DEPENDENCIES.md","Designed","T17",7,"","","no direct durable mutation; retain content/build version","stable art/audio keys; semantic control; T16/T17"
"RB-16-012","16",493,"","raster-art","versions/schemas; see DEPENDENCIES.md","Designed","T17",7,"","","no direct durable mutation; retain content/build version","stable art/audio keys; semantic control; T16/T17"
"RB-16-013","16",494,"","raster-art","versions/schemas; see DEPENDENCIES.md","Designed","T17",7,"","","no direct durable mutation; retain content/build version","stable art/audio keys; semantic control; T16/T17"
"RB-16-014","16",495,"","raster-art","versions/schemas; see DEPENDENCIES.md","Designed","T17",7,"","","no direct durable mutation; retain content/build version","stable art/audio keys; semantic control; T16/T17"
"RB-16-015","16",496,"","raster-art","versions/schemas; see DEPENDENCIES.md","Designed","T17",7,"","","no direct durable mutation; retain content/build version","stable art/audio keys; semantic control; T16/T17"
"RB-16-016","16",498,"","raster-art","versions/schemas; see DEPENDENCIES.md","Designed","T17",7,"","","no direct durable mutation; retain content/build version","stable art/audio keys; semantic control; T16/T17"
"RB-16-017","16",500,"","raster-art","versions/schemas; see DEPENDENCIES.md","Designed","T17",7,"","","no direct durable mutation; retain content/build version","stable art/audio keys; semantic control; T16/T17"
"RB-16-018","16",504,"","raster-art","original reference PNGs; Pillow12.3.0","Designed","T17",7,"assets/source/generate_foundation.py; public/assets/foundation.json","processor anchor/atlas checks; human screenshot inspection recorded in TEST_EVIDENCE.md","no direct durable mutation; retain content/build version","stable art/audio keys; semantic control; T16/T17"
"RB-16-019","16",505,"","raster-art","original reference PNGs; Pillow12.3.0","Designed","T17",7,"assets/source/generate_foundation.py; public/assets/foundation.json","processor anchor/atlas checks; human screenshot inspection recorded in TEST_EVIDENCE.md","no direct durable mutation; retain content/build version","stable art/audio keys; semantic control; T16/T17"
"RB-16-020","16",506,"","raster-art","original reference PNGs; Pillow12.3.0","Designed","T17",7,"assets/source/generate_foundation.py; public/assets/foundation.json","processor anchor/atlas checks; human screenshot inspection recorded in TEST_EVIDENCE.md","no direct durable mutation; retain content/build version","stable art/audio keys; semantic control; T16/T17"
"RB-16-021","16",507,"","raster-art","original reference PNGs; Pillow12.3.0","Designed","T17",7,"assets/source/generate_foundation.py; public/assets/foundation.json","processor anchor/atlas checks; human screenshot inspection recorded in TEST_EVIDENCE.md","no direct durable mutation; retain content/build version","stable art/audio keys; semantic control; T16/T17"
"RB-16-022","16",508,"","raster-art","original reference PNGs; Pillow12.3.0","Designed","T17",7,"assets/source/generate_foundation.py; public/assets/foundation.json","processor anchor/atlas checks; human screenshot inspection recorded in TEST_EVIDENCE.md","no direct durable mutation; retain content/build version","stable art/audio keys; semantic control; T16/T17"
"RB-16-023","16",509,"","raster-art","original reference PNGs; Pillow12.3.0","Designed","T17",7,"assets/source/generate_foundation.py; public/assets/foundation.json","processor anchor/atlas checks; human screenshot inspection recorded in TEST_EVIDENCE.md","no direct durable mutation; retain content/build version","stable art/audio keys; semantic control; T16/T17"
"RB-16-024","16",511,"","raster-art","original reference PNGs; Pillow12.3.0","Designed","T17",7,"assets/source/generate_foundation.py; public/assets/foundation.json","processor anchor/atlas checks; human screenshot inspection recorded in TEST_EVIDENCE.md","no direct durable mutation; retain content/build version","stable art/audio keys; semantic control; T16/T17"
"RB-16-025","16",515,"","raster-art","versions/schemas; see DEPENDENCIES.md","Designed","T17",7,"","","no direct durable mutation; retain content/build version","stable art/audio keys; semantic control; T16/T17"
"RB-16-026","16",517,"","raster-art","versions/schemas; see DEPENDENCIES.md","Designed","T17",7,"","","no direct durable mutation; retain content/build version","stable art/audio keys; semantic control; T16/T17"
"RB-16-027","16",519,"","raster-art","versions/schemas; see DEPENDENCIES.md","Designed","T17",7,"","","no direct durable mutation; retain content/build version","stable art/audio keys; semantic control; T16/T17"
"RB-16-028","16",521,"","raster-art","versions/schemas; see DEPENDENCIES.md","Designed","T17",7,"","","no direct durable mutation; retain content/build version","stable art/audio keys; semantic control; T16/T17"
"RB-16-029","16",523,"","raster-art","versions/schemas; see DEPENDENCIES.md","Designed","T17",7,"","","no direct durable mutation; retain content/build version","stable art/audio keys; semantic control; T16/T17"
"RB-16-030","16",525,"","raster-art","versions/schemas; see DEPENDENCIES.md","Designed","T17",7,"","","no direct durable mutation; retain content/build version","stable art/audio keys; semantic control; T16/T17"
"RB-17-001","17",529,"","audio","versions/schemas; see DEPENDENCIES.md","Designed","T17",7,"","","no direct durable mutation; retain content/build version","stable art/audio keys; semantic control; T16/T17"
"RB-17-002","17",531,"","audio","versions/schemas; see DEPENDENCIES.md","Designed","T17",7,"","","no direct durable mutation; retain content/build version","stable art/audio keys; semantic control; T16/T17"
"RB-17-003","17",533,"","audio","versions/schemas; see DEPENDENCIES.md","Designed","T17",7,"","","no direct durable mutation; retain content/build version","stable art/audio keys; semantic control; T16/T17"
"RB-17-004","17",535,"","audio","versions/schemas; see DEPENDENCIES.md","Designed","T17",7,"","","no direct durable mutation; retain content/build version","stable art/audio keys; semantic control; T16/T17"
"RB-18-001","18",539,"","accessibility","versions/schemas; see DEPENDENCIES.md","Designed","T16",7,"","","no direct durable mutation; retain content/build version","stable art/audio keys; semantic control; T16/T17"
"RB-18-002","18",541,"","accessibility","versions/schemas; see DEPENDENCIES.md","Designed","T16",7,"","","no direct durable mutation; retain content/build version","stable art/audio keys; semantic control; T16/T17"
"RB-18-003","18",543,"","accessibility","versions/schemas; see DEPENDENCIES.md","Designed","T16",7,"","","no direct durable mutation; retain content/build version","stable art/audio keys; semantic control; T16/T17"
"RB-18-004","18",545,"","accessibility","versions/schemas; see DEPENDENCIES.md","Designed","T16",7,"","","no direct durable mutation; retain content/build version","stable art/audio keys; semantic control; T16/T17"
"RB-18-005","18",547,"","accessibility","versions/schemas; see DEPENDENCIES.md","Designed","T16",7,"","","no direct durable mutation; retain content/build version","stable art/audio keys; semantic control; T16/T17"
"RB-19-001","19",551,"","persistence","versions/schemas; see DEPENDENCIES.md","Designed","T14",3,"","","schema/content/policy version; atomic validation","diagnostics/read-only explanation where applicable"
"RB-19-002","19",553,"","persistence","versions/schemas; see DEPENDENCIES.md","Designed","T14",3,"","","schema/content/policy version; atomic validation","diagnostics/read-only explanation where applicable"
"RB-19-003","19",555,"","persistence","versions/schemas; see DEPENDENCIES.md","Designed","T14",3,"","","schema/content/policy version; atomic validation","diagnostics/read-only explanation where applicable"
"RB-19-004","19",557,"","persistence","versions/schemas; see DEPENDENCIES.md","Designed","T14",3,"","","schema/content/policy version; atomic validation","diagnostics/read-only explanation where applicable"
"RB-19-005","19",559,"","persistence","versions/schemas; see DEPENDENCIES.md","Designed","T14",3,"","","schema/content/policy version; atomic validation","diagnostics/read-only explanation where applicable"
"RB-19A-001","19A",563,"","persistence","IndexedDB smoke; Zod schemas","Designed","T14",3,"src/persistence/database.ts; src/persistence/repository.ts; src/persistence/campaign.ts","tests/unit/construction.test.ts; tests/browser/gate1.spec.ts","schema/content/policy version; atomic validation","diagnostics/read-only explanation where applicable"
"RB-19A-002","19A",565,"","persistence","versions/schemas; see DEPENDENCIES.md","Designed","T14",3,"","","schema/content/policy version; atomic validation","diagnostics/read-only explanation where applicable"
"RB-19A-003","19A",567,"","persistence","versions/schemas; see DEPENDENCIES.md","Designed","T14",3,"","","schema/content/policy version; atomic validation","diagnostics/read-only explanation where applicable"
"RB-19A-004","19A",569,"","persistence","versions/schemas; see DEPENDENCIES.md","Designed","T14",3,"","","schema/content/policy version; atomic validation","diagnostics/read-only explanation where applicable"
"RB-19A-005","19A",571,"","persistence","versions/schemas; see DEPENDENCIES.md","Designed","T14",3,"","","schema/content/policy version; atomic validation","diagnostics/read-only explanation where applicable"
"RB-19A-006","19A",573,"","persistence","IndexedDB smoke; Zod schemas","Designed","T14",3,"src/persistence/database.ts; src/persistence/repository.ts; src/persistence/campaign.ts","tests/unit/construction.test.ts; tests/browser/gate1.spec.ts","schema/content/policy version; atomic validation","diagnostics/read-only explanation where applicable"
"RB-19A-007","19A",575,"","persistence","versions/schemas; see DEPENDENCIES.md","Designed","T14",3,"","","schema/content/policy version; atomic validation","diagnostics/read-only explanation where applicable"
"RB-19A-008","19A",577,"","persistence","IndexedDB smoke; Zod schemas","Designed","T14",3,"src/persistence/database.ts; src/persistence/repository.ts; src/persistence/campaign.ts","tests/unit/construction.test.ts; tests/browser/gate1.spec.ts","schema/content/policy version; atomic validation","diagnostics/read-only explanation where applicable"
"RB-19A-009","19A",579,"","persistence","versions/schemas; see DEPENDENCIES.md","Designed","T14",3,"","","schema/content/policy version; atomic validation","diagnostics/read-only explanation where applicable"
"RB-19A-010","19A",581,"","persistence","versions/schemas; see DEPENDENCIES.md","Designed","T14",3,"","","schema/content/policy version; atomic validation","diagnostics/read-only explanation where applicable"
"RB-20-001","20",585,"","performance","versions/schemas; see DEPENDENCIES.md","Designed","T18",8,"","","no direct durable mutation; retain content/build version","diagnostics/read-only explanation where applicable"
"RB-20-002","20",587,"","performance","versions/schemas; see DEPENDENCIES.md","Designed","T18",8,"","","no direct durable mutation; retain content/build version","diagnostics/read-only explanation where applicable"
"RB-20-003","20",589,"","performance","versions/schemas; see DEPENDENCIES.md","Designed","T18",8,"","","no direct durable mutation; retain content/build version","diagnostics/read-only explanation where applicable"
"RB-20-004","20",591,"","performance","versions/schemas; see DEPENDENCIES.md","Designed","T18",8,"","","no direct durable mutation; retain content/build version","diagnostics/read-only explanation where applicable"
"RB-21-001","21",595,"","production","versions/schemas; see DEPENDENCIES.md","Designed","T01–T20",0,"","","no direct durable mutation; retain content/build version","diagnostics/read-only explanation where applicable"
"RB-21-002","21",597,"","production","versions/schemas; see DEPENDENCIES.md","Designed","T01–T20",0,"","","no direct durable mutation; retain content/build version","diagnostics/read-only explanation where applicable"
"RB-21-003","21",599,"","production","versions/schemas; see DEPENDENCIES.md","Designed","T01–T20",0,"","","no direct durable mutation; retain content/build version","diagnostics/read-only explanation where applicable"
"RB-21-004","21",601,"","production","versions/schemas; see DEPENDENCIES.md","Designed","T01–T20",0,"","","no direct durable mutation; retain content/build version","diagnostics/read-only explanation where applicable"
"RB-21-005","21",602,"","production","versions/schemas; see DEPENDENCIES.md","Designed","T01–T20",0,"","","no direct durable mutation; retain content/build version","diagnostics/read-only explanation where applicable"
"RB-21-006","21",603,"","production","versions/schemas; see DEPENDENCIES.md","Designed","T01–T20",0,"","","no direct durable mutation; retain content/build version","diagnostics/read-only explanation where applicable"
"RB-21-007","21",604,"","production","versions/schemas; see DEPENDENCIES.md","Designed","T01–T20",0,"","","no direct durable mutation; retain content/build version","diagnostics/read-only explanation where applicable"
"RB-21-008","21",605,"","production","versions/schemas; see DEPENDENCIES.md","Designed","T01–T20",0,"","","no direct durable mutation; retain content/build version","diagnostics/read-only explanation where applicable"
"RB-21-009","21",606,"","production","versions/schemas; see DEPENDENCIES.md","Designed","T01–T20",0,"","","no direct durable mutation; retain content/build version","diagnostics/read-only explanation where applicable"
"RB-21-010","21",607,"","production","versions/schemas; see DEPENDENCIES.md","Designed","T01–T20",0,"","","no direct durable mutation; retain content/build version","diagnostics/read-only explanation where applicable"
"RB-21-011","21",608,"","production","versions/schemas; see DEPENDENCIES.md","Designed","T01–T20",0,"","","no direct durable mutation; retain content/build version","diagnostics/read-only explanation where applicable"
"RB-21-012","21",609,"","production","versions/schemas; see DEPENDENCIES.md","Designed","T01–T20",0,"","","no direct durable mutation; retain content/build version","diagnostics/read-only explanation where applicable"
"RB-21-013","21",611,"","production","versions/schemas; see DEPENDENCIES.md","Designed","T01–T20",0,"","","no direct durable mutation; retain content/build version","diagnostics/read-only explanation where applicable"
"RB-21-014","21",613,"","production","versions/schemas; see DEPENDENCIES.md","Designed","T01–T20",0,"","","no direct durable mutation; retain content/build version","diagnostics/read-only explanation where applicable"
"RB-21-015","21",615,"","production","versions/schemas; see DEPENDENCIES.md","Designed","T01–T20",0,"","","no direct durable mutation; retain content/build version","diagnostics/read-only explanation where applicable"
"RB-22-001","22",619,"","platform","versions/schemas; see DEPENDENCIES.md","Designed","T19",0,"","","no direct durable mutation; retain content/build version","diagnostics/read-only explanation where applicable"
"RB-22-002","22",621,"","platform","versions/schemas; see DEPENDENCIES.md","Designed","T19",0,"","","no direct durable mutation; retain content/build version","diagnostics/read-only explanation where applicable"
"RB-22-003","22",623,"","platform","versions/schemas; see DEPENDENCIES.md","Designed","T19",0,"","","no direct durable mutation; retain content/build version","diagnostics/read-only explanation where applicable"
"RB-22-004","22",624,"","platform","versions/schemas; see DEPENDENCIES.md","Designed","T19",0,"","","no direct durable mutation; retain content/build version","diagnostics/read-only explanation where applicable"
"RB-22-005","22",625,"","platform","versions/schemas; see DEPENDENCIES.md","Designed","T19",0,"","","no direct durable mutation; retain content/build version","diagnostics/read-only explanation where applicable"
"RB-22-006","22",626,"","platform","versions/schemas; see DEPENDENCIES.md","Designed","T19",0,"","","no direct durable mutation; retain content/build version","diagnostics/read-only explanation where applicable"
"RB-22-007","22",627,"","platform","versions/schemas; see DEPENDENCIES.md","Designed","T19",0,"","","no direct durable mutation; retain content/build version","diagnostics/read-only explanation where applicable"
"RB-22-008","22",628,"","platform","versions/schemas; see DEPENDENCIES.md","Designed","T19",0,"","","no direct durable mutation; retain content/build version","diagnostics/read-only explanation where applicable"
"RB-22-009","22",629,"","platform","versions/schemas; see DEPENDENCIES.md","Designed","T19",0,"","","no direct durable mutation; retain content/build version","diagnostics/read-only explanation where applicable"
"RB-22-010","22",630,"","platform","versions/schemas; see DEPENDENCIES.md","Designed","T19",0,"","","no direct durable mutation; retain content/build version","diagnostics/read-only explanation where applicable"
"RB-22-011","22",631,"","platform","versions/schemas; see DEPENDENCIES.md","Designed","T19",0,"","","no direct durable mutation; retain content/build version","diagnostics/read-only explanation where applicable"
"RB-22-012","22",632,"","platform","versions/schemas; see DEPENDENCIES.md","Designed","T19",0,"","","no direct durable mutation; retain content/build version","diagnostics/read-only explanation where applicable"
"RB-22-013","22",633,"","platform","versions/schemas; see DEPENDENCIES.md","Designed","T19",0,"","","no direct durable mutation; retain content/build version","diagnostics/read-only explanation where applicable"
"RB-22-014","22",634,"","platform","versions/schemas; see DEPENDENCIES.md","Designed","T19",0,"","","no direct durable mutation; retain content/build version","diagnostics/read-only explanation where applicable"
"RB-22-015","22",636,"","platform","versions/schemas; see DEPENDENCIES.md","Designed","T19",0,"","","no direct durable mutation; retain content/build version","diagnostics/read-only explanation where applicable"
"RB-23-001","23",640,"","simulation","versions/schemas; see DEPENDENCIES.md","Designed","T03",2,"","","no direct durable mutation; retain content/build version","diagnostics/read-only explanation where applicable"
"RB-23-002","23",643,"","simulation","versions/schemas; see DEPENDENCIES.md","Designed","T03",2,"","","no direct durable mutation; retain content/build version","diagnostics/read-only explanation where applicable"
"RB-23-003","23",645,"","simulation","versions/schemas; see DEPENDENCIES.md","Designed","T03",2,"","","no direct durable mutation; retain content/build version","diagnostics/read-only explanation where applicable"
"RB-23-004","23",648,"","simulation","versions/schemas; see DEPENDENCIES.md","Designed","T03",2,"","","no direct durable mutation; retain content/build version","diagnostics/read-only explanation where applicable"
"RB-24-001","24",653,"","simulation","versions/schemas; see DEPENDENCIES.md","Designed","T02–T15",4,"","","schema/content/policy version; atomic validation","diagnostics/read-only explanation where applicable"
"RB-24A-001","24A",657,"","simulation","versions/schemas; see DEPENDENCIES.md","Designed","T02–T15",4,"","","schema/content/policy version; atomic validation","diagnostics/read-only explanation where applicable"
"RB-24A-002","24A",659,"","simulation","versions/schemas; see DEPENDENCIES.md","Designed","T02–T15",4,"","","schema/content/policy version; atomic validation","diagnostics/read-only explanation where applicable"
"RB-24A-003","24A",661,"","simulation","versions/schemas; see DEPENDENCIES.md","Designed","T02–T15",4,"","","schema/content/policy version; atomic validation","diagnostics/read-only explanation where applicable"
"RB-24A-004","24A",663,"","simulation","versions/schemas; see DEPENDENCIES.md","Designed","T02–T15",4,"","","schema/content/policy version; atomic validation","diagnostics/read-only explanation where applicable"
"RB-24A-005","24A",665,"","simulation","versions/schemas; see DEPENDENCIES.md","Designed","T02–T15",4,"","","schema/content/policy version; atomic validation","diagnostics/read-only explanation where applicable"
"RB-24A-006","24A",667,"","simulation","versions/schemas; see DEPENDENCIES.md","Designed","T02–T15",4,"","","schema/content/policy version; atomic validation","diagnostics/read-only explanation where applicable"
"RB-24A-007","24A",669,"","simulation","versions/schemas; see DEPENDENCIES.md","Designed","T02–T15",4,"","","schema/content/policy version; atomic validation","diagnostics/read-only explanation where applicable"
"RB-24A-008","24A",671,"","simulation","versions/schemas; see DEPENDENCIES.md","Designed","T02–T15",4,"","","schema/content/policy version; atomic validation","diagnostics/read-only explanation where applicable"
"RB-24A-009","24A",673,"","simulation","versions/schemas; see DEPENDENCIES.md","Designed","T02–T15",4,"","","schema/content/policy version; atomic validation","diagnostics/read-only explanation where applicable"
"RB-24A.1-001","24A.1",677,"","simulation","strict TypeScript; Web Crypto","Designed","T02–T15",4,"src/sim/determinism.ts; scripts/headless.ts","tests/unit/foundation.test.ts; npm run test:scenario","schema/content/policy version; atomic validation","diagnostics/read-only explanation where applicable"
"RB-24A.1-002","24A.1",679,"","simulation","versions/schemas; see DEPENDENCIES.md","Designed","T02–T15",4,"","","schema/content/policy version; atomic validation","diagnostics/read-only explanation where applicable"
"RB-24A.1-003","24A.1",681,"","simulation","strict TypeScript; Web Crypto","Designed","T02–T15",4,"src/sim/determinism.ts; scripts/headless.ts","tests/unit/foundation.test.ts; npm run test:scenario","schema/content/policy version; atomic validation","diagnostics/read-only explanation where applicable"
"RB-24A.1-004","24A.1",683,"","simulation","versions/schemas; see DEPENDENCIES.md","Designed","T02–T15",4,"","","schema/content/policy version; atomic validation","diagnostics/read-only explanation where applicable"
"RB-24A.1-005","24A.1",685,"","simulation","versions/schemas; see DEPENDENCIES.md","Designed","T02–T15",4,"","","schema/content/policy version; atomic validation","diagnostics/read-only explanation where applicable"
"RB-24A.1-006","24A.1",687,"","simulation","versions/schemas; see DEPENDENCIES.md","Designed","T02–T15",4,"","","schema/content/policy version; atomic validation","diagnostics/read-only explanation where applicable"
"RB-24A.1-007","24A.1",689,"","simulation","versions/schemas; see DEPENDENCIES.md","Designed","T02–T15",4,"","","schema/content/policy version; atomic validation","diagnostics/read-only explanation where applicable"
"RB-24A.1-008","24A.1",691,"","simulation","versions/schemas; see DEPENDENCIES.md","Designed","T02–T15",4,"","","schema/content/policy version; atomic validation","diagnostics/read-only explanation where applicable"
"RB-24A.1-009","24A.1",693,"","simulation","versions/schemas; see DEPENDENCIES.md","Designed","T02–T15",4,"","","schema/content/policy version; atomic validation","diagnostics/read-only explanation where applicable"
"RB-24A.1-010","24A.1",695,"","simulation","versions/schemas; see DEPENDENCIES.md","Designed","T02–T15",4,"","","schema/content/policy version; atomic validation","diagnostics/read-only explanation where applicable"
"RB-24B-001","24B",699,"","simulation","versions/schemas; see DEPENDENCIES.md","Designed","T02–T15",4,"","","schema/content/policy version; atomic validation","diagnostics/read-only explanation where applicable"
"RB-24B-002","24B",701,"","simulation","versions/schemas; see DEPENDENCIES.md","Designed","T02–T15",4,"","","schema/content/policy version; atomic validation","diagnostics/read-only explanation where applicable"
"RB-24B-003","24B",703,"","simulation","versions/schemas; see DEPENDENCIES.md","Designed","T02–T15",4,"","","schema/content/policy version; atomic validation","diagnostics/read-only explanation where applicable"
"RB-24B-004","24B",705,"","simulation","versions/schemas; see DEPENDENCIES.md","Designed","T02–T15",4,"","","schema/content/policy version; atomic validation","diagnostics/read-only explanation where applicable"
"RB-24B-005","24B",707,"","simulation","versions/schemas; see DEPENDENCIES.md","Designed","T02–T15",4,"","","schema/content/policy version; atomic validation","diagnostics/read-only explanation where applicable"
"RB-24B-006","24B",709,"","simulation","versions/schemas; see DEPENDENCIES.md","Designed","T02–T15",4,"","","schema/content/policy version; atomic validation","diagnostics/read-only explanation where applicable"
"RB-24B-007","24B",711,"","simulation","versions/schemas; see DEPENDENCIES.md","Designed","T02–T15",4,"","","schema/content/policy version; atomic validation","diagnostics/read-only explanation where applicable"
"RB-24C-001","24C",715,"","simulation","versions/schemas; see DEPENDENCIES.md","Designed","T02–T15",4,"","","schema/content/policy version; atomic validation","diagnostics/read-only explanation where applicable"
"RB-24C-002","24C",717,"","simulation","versions/schemas; see DEPENDENCIES.md","Designed","T02–T15",4,"","","schema/content/policy version; atomic validation","diagnostics/read-only explanation where applicable"
"RB-24C-003","24C",719,"","simulation","versions/schemas; see DEPENDENCIES.md","Designed","T02–T15",4,"","","schema/content/policy version; atomic validation","diagnostics/read-only explanation where applicable"
"RB-24C-004","24C",721,"","simulation","versions/schemas; see DEPENDENCIES.md","Designed","T02–T15",4,"","","schema/content/policy version; atomic validation","diagnostics/read-only explanation where applicable"
"RB-24C-005","24C",723,"","simulation","versions/schemas; see DEPENDENCIES.md","Designed","T02–T15",4,"","","schema/content/policy version; atomic validation","diagnostics/read-only explanation where applicable"
"RB-24C-006","24C",725,"","simulation","versions/schemas; see DEPENDENCIES.md","Designed","T02–T15",4,"","","schema/content/policy version; atomic validation","diagnostics/read-only explanation where applicable"
"RB-24D-001","24D",729,"","simulation","versions/schemas; see DEPENDENCIES.md","Designed","T02–T15",4,"","","schema/content/policy version; atomic validation","diagnostics/read-only explanation where applicable"
"RB-24D-002","24D",731,"","simulation","versions/schemas; see DEPENDENCIES.md","Designed","T02–T15",4,"","","schema/content/policy version; atomic validation","diagnostics/read-only explanation where applicable"
"RB-24D-003","24D",733,"","simulation","versions/schemas; see DEPENDENCIES.md","Designed","T02–T15",4,"","","schema/content/policy version; atomic validation","diagnostics/read-only explanation where applicable"
"RB-24D-004","24D",735,"","simulation","versions/schemas; see DEPENDENCIES.md","Designed","T02–T15",4,"","","schema/content/policy version; atomic validation","diagnostics/read-only explanation where applicable"
"RB-24D-005","24D",736,"","simulation","versions/schemas; see DEPENDENCIES.md","Designed","T02–T15",4,"","","schema/content/policy version; atomic validation","diagnostics/read-only explanation where applicable"
"RB-24D-006","24D",737,"","simulation","versions/schemas; see DEPENDENCIES.md","Designed","T02–T15",4,"","","schema/content/policy version; atomic validation","diagnostics/read-only explanation where applicable"
"RB-24D-007","24D",738,"","simulation","versions/schemas; see DEPENDENCIES.md","Designed","T02–T15",4,"","","schema/content/policy version; atomic validation","diagnostics/read-only explanation where applicable"
"RB-24D-008","24D",739,"","simulation","versions/schemas; see DEPENDENCIES.md","Designed","T02–T15",4,"","","schema/content/policy version; atomic validation","diagnostics/read-only explanation where applicable"
"RB-24D-009","24D",740,"","simulation","versions/schemas; see DEPENDENCIES.md","Designed","T02–T15",4,"","","schema/content/policy version; atomic validation","diagnostics/read-only explanation where applicable"
"RB-24D-010","24D",741,"","simulation","versions/schemas; see DEPENDENCIES.md","Designed","T02–T15",4,"","","schema/content/policy version; atomic validation","diagnostics/read-only explanation where applicable"
"RB-24D-011","24D",742,"","simulation","versions/schemas; see DEPENDENCIES.md","Designed","T02–T15",4,"","","schema/content/policy version; atomic validation","diagnostics/read-only explanation where applicable"
"RB-24D-012","24D",744,"","simulation","versions/schemas; see DEPENDENCIES.md","Designed","T02–T15",4,"","","schema/content/policy version; atomic validation","diagnostics/read-only explanation where applicable"
"RB-24E-001","24E",748,"","simulation","versions/schemas; see DEPENDENCIES.md","Designed","T02–T15",4,"","","schema/content/policy version; atomic validation","diagnostics/read-only explanation where applicable"
"RB-24E-002","24E",750,"","simulation","versions/schemas; see DEPENDENCIES.md","Designed","T02–T15",4,"","","schema/content/policy version; atomic validation","diagnostics/read-only explanation where applicable"
"RB-24E-003","24E",752,"","simulation","versions/schemas; see DEPENDENCIES.md","Designed","T02–T15",4,"","","schema/content/policy version; atomic validation","diagnostics/read-only explanation where applicable"
"RB-24E-004","24E",754,"","simulation","versions/schemas; see DEPENDENCIES.md","Designed","T02–T15",4,"","","schema/content/policy version; atomic validation","diagnostics/read-only explanation where applicable"
"RB-24E-005","24E",756,"","simulation","versions/schemas; see DEPENDENCIES.md","Designed","T02–T15",4,"","","schema/content/policy version; atomic validation","diagnostics/read-only explanation where applicable"
"RB-24E-006","24E",758,"","simulation","versions/schemas; see DEPENDENCIES.md","Designed","T02–T15",4,"","","schema/content/policy version; atomic validation","diagnostics/read-only explanation where applicable"
"RB-24E.1-001","24E.1",762,"","simulation","versions/schemas; see DEPENDENCIES.md","Designed","T02–T15",4,"","","schema/content/policy version; atomic validation","diagnostics/read-only explanation where applicable"
"RB-24E.1-002","24E.1",764,"","simulation","versions/schemas; see DEPENDENCIES.md","Designed","T02–T15",4,"","","schema/content/policy version; atomic validation","diagnostics/read-only explanation where applicable"
"RB-24E.1-003","24E.1",766,"","simulation","versions/schemas; see DEPENDENCIES.md","Designed","T02–T15",4,"","","schema/content/policy version; atomic validation","diagnostics/read-only explanation where applicable"
"RB-24E.2-001","24E.2",770,"","simulation","versions/schemas; see DEPENDENCIES.md","Designed","T02–T15",4,"","","schema/content/policy version; atomic validation","diagnostics/read-only explanation where applicable"
"RB-24E.2-002","24E.2",772,"","simulation","versions/schemas; see DEPENDENCIES.md","Designed","T02–T15",4,"","","schema/content/policy version; atomic validation","diagnostics/read-only explanation where applicable"
"RB-24E.2-003","24E.2",774,"","simulation","versions/schemas; see DEPENDENCIES.md","Designed","T02–T15",4,"","","schema/content/policy version; atomic validation","diagnostics/read-only explanation where applicable"
"RB-24E.2-004","24E.2",775,"","simulation","versions/schemas; see DEPENDENCIES.md","Designed","T02–T15",4,"","","schema/content/policy version; atomic validation","diagnostics/read-only explanation where applicable"
"RB-24E.2-005","24E.2",776,"","simulation","versions/schemas; see DEPENDENCIES.md","Designed","T02–T15",4,"","","schema/content/policy version; atomic validation","diagnostics/read-only explanation where applicable"
"RB-24E.2-006","24E.2",777,"","simulation","versions/schemas; see DEPENDENCIES.md","Designed","T02–T15",4,"","","schema/content/policy version; atomic validation","diagnostics/read-only explanation where applicable"
"RB-24E.2-007","24E.2",778,"","simulation","versions/schemas; see DEPENDENCIES.md","Designed","T02–T15",4,"","","schema/content/policy version; atomic validation","diagnostics/read-only explanation where applicable"
"RB-24E.2-008","24E.2",779,"","simulation","versions/schemas; see DEPENDENCIES.md","Designed","T02–T15",4,"","","schema/content/policy version; atomic validation","diagnostics/read-only explanation where applicable"
"RB-24E.2-009","24E.2",780,"","simulation","versions/schemas; see DEPENDENCIES.md","Designed","T02–T15",4,"","","schema/content/policy version; atomic validation","diagnostics/read-only explanation where applicable"
"RB-24E.2-010","24E.2",781,"","simulation","versions/schemas; see DEPENDENCIES.md","Designed","T02–T15",4,"","","schema/content/policy version; atomic validation","diagnostics/read-only explanation where applicable"
"RB-24E.2-011","24E.2",783,"","simulation","versions/schemas; see DEPENDENCIES.md","Designed","T02–T15",4,"","","schema/content/policy version; atomic validation","diagnostics/read-only explanation where applicable"
"RB-24E.2-012","24E.2",785,"","simulation","versions/schemas; see DEPENDENCIES.md","Designed","T02–T15",4,"","","schema/content/policy version; atomic validation","diagnostics/read-only explanation where applicable"
"RB-24E.2-013","24E.2",787,"","simulation","versions/schemas; see DEPENDENCIES.md","Designed","T02–T15",4,"","","schema/content/policy version; atomic validation","diagnostics/read-only explanation where applicable"
"RB-24E.2-014","24E.2",789,"","simulation","versions/schemas; see DEPENDENCIES.md","Designed","T02–T15",4,"","","schema/content/policy version; atomic validation","diagnostics/read-only explanation where applicable"
"RB-24E.2-015","24E.2",791,"","simulation","versions/schemas; see DEPENDENCIES.md","Designed","T02–T15",4,"","","schema/content/policy version; atomic validation","diagnostics/read-only explanation where applicable"
"RB-24E.2-016","24E.2",793,"","simulation","versions/schemas; see DEPENDENCIES.md","Designed","T02–T15",4,"","","schema/content/policy version; atomic validation","diagnostics/read-only explanation where applicable"
"RB-24F-001","24F",797,"","simulation","versions/schemas; see DEPENDENCIES.md","Designed","T02–T15",4,"","","schema/content/policy version; atomic validation","diagnostics/read-only explanation where applicable"
"RB-24F-002","24F",799,"","simulation","versions/schemas; see DEPENDENCIES.md","Designed","T02–T15",4,"","","schema/content/policy version; atomic validation","diagnostics/read-only explanation where applicable"
"RB-24F-003","24F",801,"","simulation","versions/schemas; see DEPENDENCIES.md","Designed","T02–T15",4,"","","schema/content/policy version; atomic validation","diagnostics/read-only explanation where applicable"
"RB-24F-004","24F",803,"","simulation","versions/schemas; see DEPENDENCIES.md","Designed","T02–T15",4,"","","schema/content/policy version; atomic validation","diagnostics/read-only explanation where applicable"
"RB-24F-005","24F",805,"","simulation","versions/schemas; see DEPENDENCIES.md","Designed","T02–T15",4,"","","schema/content/policy version; atomic validation","diagnostics/read-only explanation where applicable"
"RB-24F-006","24F",807,"","simulation","versions/schemas; see DEPENDENCIES.md","Designed","T02–T15",4,"","","schema/content/policy version; atomic validation","diagnostics/read-only explanation where applicable"
"RB-24F-007","24F",809,"","simulation","versions/schemas; see DEPENDENCIES.md","Designed","T02–T15",4,"","","schema/content/policy version; atomic validation","diagnostics/read-only explanation where applicable"
"RB-24G-001","24G",813,"","simulation","versions/schemas; see DEPENDENCIES.md","Designed","T02–T15",4,"","","schema/content/policy version; atomic validation","diagnostics/read-only explanation where applicable"
"RB-24G-002","24G",815,"","simulation","versions/schemas; see DEPENDENCIES.md","Designed","T02–T15",4,"","","schema/content/policy version; atomic validation","diagnostics/read-only explanation where applicable"
"RB-24G-003","24G",817,"","simulation","versions/schemas; see DEPENDENCIES.md","Designed","T02–T15",4,"","","schema/content/policy version; atomic validation","diagnostics/read-only explanation where applicable"
"RB-24H-001","24H",821,"","simulation","versions/schemas; see DEPENDENCIES.md","Designed","T02–T15",4,"","","schema/content/policy version; atomic validation","diagnostics/read-only explanation where applicable"
"RB-24H-002","24H",823,"","simulation","versions/schemas; see DEPENDENCIES.md","Designed","T02–T15",4,"","","schema/content/policy version; atomic validation","diagnostics/read-only explanation where applicable"
"RB-24H-003","24H",825,"","simulation","versions/schemas; see DEPENDENCIES.md","Designed","T02–T15",4,"","","schema/content/policy version; atomic validation","diagnostics/read-only explanation where applicable"
"RB-24H-004","24H",826,"","simulation","versions/schemas; see DEPENDENCIES.md","Designed","T02–T15",4,"","","schema/content/policy version; atomic validation","diagnostics/read-only explanation where applicable"
"RB-24H-005","24H",827,"","simulation","versions/schemas; see DEPENDENCIES.md","Designed","T02–T15",4,"","","schema/content/policy version; atomic validation","diagnostics/read-only explanation where applicable"
"RB-24H-006","24H",828,"","simulation","versions/schemas; see DEPENDENCIES.md","Designed","T02–T15",4,"","","schema/content/policy version; atomic validation","diagnostics/read-only explanation where applicable"
"RB-24H-007","24H",829,"","simulation","versions/schemas; see DEPENDENCIES.md","Designed","T02–T15",4,"","","schema/content/policy version; atomic validation","diagnostics/read-only explanation where applicable"
"RB-24H-008","24H",830,"","simulation","versions/schemas; see DEPENDENCIES.md","Designed","T02–T15",4,"","","schema/content/policy version; atomic validation","diagnostics/read-only explanation where applicable"
"RB-24H-009","24H",831,"","simulation","versions/schemas; see DEPENDENCIES.md","Designed","T02–T15",4,"","","schema/content/policy version; atomic validation","diagnostics/read-only explanation where applicable"
"RB-24H-010","24H",832,"","simulation","versions/schemas; see DEPENDENCIES.md","Designed","T02–T15",4,"","","schema/content/policy version; atomic validation","diagnostics/read-only explanation where applicable"
"RB-24H-011","24H",833,"","simulation","versions/schemas; see DEPENDENCIES.md","Designed","T02–T15",4,"","","schema/content/policy version; atomic validation","diagnostics/read-only explanation where applicable"
"RB-24H-012","24H",834,"","simulation","versions/schemas; see DEPENDENCIES.md","Designed","T02–T15",4,"","","schema/content/policy version; atomic validation","diagnostics/read-only explanation where applicable"
"RB-24H-013","24H",835,"","simulation","versions/schemas; see DEPENDENCIES.md","Designed","T02–T15",4,"","","schema/content/policy version; atomic validation","diagnostics/read-only explanation where applicable"
"RB-24H-014","24H",836,"","simulation","versions/schemas; see DEPENDENCIES.md","Designed","T02–T15",4,"","","schema/content/policy version; atomic validation","diagnostics/read-only explanation where applicable"
"RB-24H-015","24H",837,"","simulation","versions/schemas; see DEPENDENCIES.md","Designed","T02–T15",4,"","","schema/content/policy version; atomic validation","diagnostics/read-only explanation where applicable"
"RB-24H-016","24H",838,"","simulation","versions/schemas; see DEPENDENCIES.md","Designed","T02–T15",4,"","","schema/content/policy version; atomic validation","diagnostics/read-only explanation where applicable"
"RB-24H-017","24H",839,"","simulation","versions/schemas; see DEPENDENCIES.md","Designed","T02–T15",4,"","","schema/content/policy version; atomic validation","diagnostics/read-only explanation where applicable"
"RB-24H-018","24H",840,"","simulation","versions/schemas; see DEPENDENCIES.md","Designed","T02–T15",4,"","","schema/content/policy version; atomic validation","diagnostics/read-only explanation where applicable"
"RB-24H-019","24H",842,"","simulation","versions/schemas; see DEPENDENCIES.md","Designed","T02–T15",4,"","","schema/content/policy version; atomic validation","diagnostics/read-only explanation where applicable"
"RB-24H-020","24H",844,"","simulation","versions/schemas; see DEPENDENCIES.md","Designed","T02–T15",4,"","","schema/content/policy version; atomic validation","diagnostics/read-only explanation where applicable"
"RB-24H-021","24H",846,"","simulation","versions/schemas; see DEPENDENCIES.md","Designed","T02–T15",4,"","","schema/content/policy version; atomic validation","diagnostics/read-only explanation where applicable"
"RB-24H-022","24H",848,"","simulation","versions/schemas; see DEPENDENCIES.md","Designed","T02–T15",4,"","","schema/content/policy version; atomic validation","diagnostics/read-only explanation where applicable"
"RB-24H-023","24H",850,"","simulation","versions/schemas; see DEPENDENCIES.md","Designed","T02–T15",4,"","","schema/content/policy version; atomic validation","diagnostics/read-only explanation where applicable"
"RB-24H-024","24H",852,"","simulation","versions/schemas; see DEPENDENCIES.md","Designed","T02–T15",4,"","","schema/content/policy version; atomic validation","diagnostics/read-only explanation where applicable"
"RB-24H.1-001","24H.1",856,"","simulation","versions/schemas; see DEPENDENCIES.md","Designed","T02–T15",4,"","","schema/content/policy version; atomic validation","diagnostics/read-only explanation where applicable"
"RB-24H.1-002","24H.1",858,"","simulation","versions/schemas; see DEPENDENCIES.md","Designed","T02–T15",4,"","","schema/content/policy version; atomic validation","diagnostics/read-only explanation where applicable"
"RB-24H.1-003","24H.1",860,"","simulation","versions/schemas; see DEPENDENCIES.md","Designed","T02–T15",4,"","","schema/content/policy version; atomic validation","diagnostics/read-only explanation where applicable"
"RB-24H.1-004","24H.1",862,"","simulation","versions/schemas; see DEPENDENCIES.md","Designed","T02–T15",4,"","","schema/content/policy version; atomic validation","diagnostics/read-only explanation where applicable"
"RB-24H.1-005","24H.1",864,"","simulation","versions/schemas; see DEPENDENCIES.md","Designed","T02–T15",4,"","","schema/content/policy version; atomic validation","diagnostics/read-only explanation where applicable"
"RB-24H.1-006","24H.1",866,"","simulation","versions/schemas; see DEPENDENCIES.md","Designed","T02–T15",4,"","","schema/content/policy version; atomic validation","diagnostics/read-only explanation where applicable"
"RB-25-001","25",870,"","economy","versions/schemas; see DEPENDENCIES.md","Designed","T12/T13",3,"","","schema/content/policy version; atomic validation","diagnostics/read-only explanation where applicable"
"RB-25A-001","25A",874,"","economy","versions/schemas; see DEPENDENCIES.md","Designed","T12/T13",3,"","","schema/content/policy version; atomic validation","diagnostics/read-only explanation where applicable"
"RB-25A-002","25A",876,"","economy","versions/schemas; see DEPENDENCIES.md","Designed","T12/T13",3,"","","schema/content/policy version; atomic validation","diagnostics/read-only explanation where applicable"
"RB-25A-003","25A",878,"","economy","versions/schemas; see DEPENDENCIES.md","Designed","T12/T13",3,"","","schema/content/policy version; atomic validation","diagnostics/read-only explanation where applicable"
"RB-25A-004","25A",880,"","economy","versions/schemas; see DEPENDENCIES.md","Designed","T12/T13",3,"","","schema/content/policy version; atomic validation","diagnostics/read-only explanation where applicable"
"RB-25A-005","25A",881,"","economy","versions/schemas; see DEPENDENCIES.md","Designed","T12/T13",3,"","","schema/content/policy version; atomic validation","diagnostics/read-only explanation where applicable"
"RB-25A-006","25A",882,"","economy","versions/schemas; see DEPENDENCIES.md","Designed","T12/T13",3,"","","schema/content/policy version; atomic validation","diagnostics/read-only explanation where applicable"
"RB-25A-007","25A",883,"","economy","versions/schemas; see DEPENDENCIES.md","Designed","T12/T13",3,"","","schema/content/policy version; atomic validation","diagnostics/read-only explanation where applicable"
"RB-25A-008","25A",884,"","economy","versions/schemas; see DEPENDENCIES.md","Designed","T12/T13",3,"","","schema/content/policy version; atomic validation","diagnostics/read-only explanation where applicable"
"RB-25A-009","25A",885,"","economy","versions/schemas; see DEPENDENCIES.md","Designed","T12/T13",3,"","","schema/content/policy version; atomic validation","diagnostics/read-only explanation where applicable"
"RB-25A-010","25A",886,"","economy","versions/schemas; see DEPENDENCIES.md","Designed","T12/T13",3,"","","schema/content/policy version; atomic validation","diagnostics/read-only explanation where applicable"
"RB-25A-011","25A",887,"","economy","versions/schemas; see DEPENDENCIES.md","Designed","T12/T13",3,"","","schema/content/policy version; atomic validation","diagnostics/read-only explanation where applicable"
"RB-25A-012","25A",888,"","economy","versions/schemas; see DEPENDENCIES.md","Designed","T12/T13",3,"","","schema/content/policy version; atomic validation","diagnostics/read-only explanation where applicable"
"RB-25A-013","25A",890,"","economy","versions/schemas; see DEPENDENCIES.md","Designed","T12/T13",3,"","","schema/content/policy version; atomic validation","diagnostics/read-only explanation where applicable"
"RB-25B-001","25B",894,"","economy","versions/schemas; see DEPENDENCIES.md","Designed","T12/T13",3,"","","schema/content/policy version; atomic validation","diagnostics/read-only explanation where applicable"
"RB-25B-002","25B",896,"","economy","versions/schemas; see DEPENDENCIES.md","Designed","T12/T13",3,"","","schema/content/policy version; atomic validation","diagnostics/read-only explanation where applicable"
"RB-25B-003","25B",898,"","economy","versions/schemas; see DEPENDENCIES.md","Designed","T12/T13",3,"","","schema/content/policy version; atomic validation","diagnostics/read-only explanation where applicable"
"RB-25B-004","25B",900,"","economy","versions/schemas; see DEPENDENCIES.md","Designed","T12/T13",3,"","","schema/content/policy version; atomic validation","diagnostics/read-only explanation where applicable"
"RB-25B-005","25B",902,"","economy","versions/schemas; see DEPENDENCIES.md","Designed","T12/T13",3,"","","schema/content/policy version; atomic validation","diagnostics/read-only explanation where applicable"
"RB-25C-001","25C",906,"","economy","versions/schemas; see DEPENDENCIES.md","Designed","T12/T13",3,"","","schema/content/policy version; atomic validation","diagnostics/read-only explanation where applicable"
"RB-25C-002","25C",908,"","economy","versions/schemas; see DEPENDENCIES.md","Designed","T12/T13",3,"","","schema/content/policy version; atomic validation","diagnostics/read-only explanation where applicable"
"RB-25C-003","25C",910,"","economy","versions/schemas; see DEPENDENCIES.md","Designed","T12/T13",3,"","","schema/content/policy version; atomic validation","diagnostics/read-only explanation where applicable"
"RB-25C-004","25C",911,"","economy","versions/schemas; see DEPENDENCIES.md","Designed","T12/T13",3,"","","schema/content/policy version; atomic validation","diagnostics/read-only explanation where applicable"
"RB-25C-005","25C",912,"","economy","versions/schemas; see DEPENDENCIES.md","Designed","T12/T13",3,"","","schema/content/policy version; atomic validation","diagnostics/read-only explanation where applicable"
"RB-25C-006","25C",913,"","economy","versions/schemas; see DEPENDENCIES.md","Designed","T12/T13",3,"","","schema/content/policy version; atomic validation","diagnostics/read-only explanation where applicable"
"RB-25C-007","25C",915,"","economy","versions/schemas; see DEPENDENCIES.md","Designed","T12/T13",3,"","","schema/content/policy version; atomic validation","diagnostics/read-only explanation where applicable"
"RB-25C-008","25C",917,"","economy","versions/schemas; see DEPENDENCIES.md","Designed","T12/T13",3,"","","schema/content/policy version; atomic validation","diagnostics/read-only explanation where applicable"
"RB-25C-009","25C",919,"","economy","versions/schemas; see DEPENDENCIES.md","Designed","T12/T13",3,"","","schema/content/policy version; atomic validation","diagnostics/read-only explanation where applicable"
"RB-25D.1-001","25D.1",925,"","economy","versions/schemas; see DEPENDENCIES.md","Designed","T12/T13",3,"","","schema/content/policy version; atomic validation","diagnostics/read-only explanation where applicable"
"RB-25D.1-002","25D.1",927,"","economy","versions/schemas; see DEPENDENCIES.md","Designed","T12/T13",3,"","","schema/content/policy version; atomic validation","diagnostics/read-only explanation where applicable"
"RB-25D.1-003","25D.1",929,"","economy","versions/schemas; see DEPENDENCIES.md","Designed","T12/T13",3,"","","schema/content/policy version; atomic validation","diagnostics/read-only explanation where applicable"
"RB-25D.1-004","25D.1",931,"","economy","versions/schemas; see DEPENDENCIES.md","Designed","T12/T13",3,"","","schema/content/policy version; atomic validation","diagnostics/read-only explanation where applicable"
"RB-25D.1-005","25D.1",933,"","economy","versions/schemas; see DEPENDENCIES.md","Designed","T12/T13",3,"","","schema/content/policy version; atomic validation","diagnostics/read-only explanation where applicable"
"RB-25D.1-006","25D.1",935,"","economy","versions/schemas; see DEPENDENCIES.md","Designed","T12/T13",3,"","","schema/content/policy version; atomic validation","diagnostics/read-only explanation where applicable"
"RB-25D.1-007","25D.1",936,"","economy","versions/schemas; see DEPENDENCIES.md","Designed","T12/T13",3,"","","schema/content/policy version; atomic validation","diagnostics/read-only explanation where applicable"
"RB-25D.1-008","25D.1",937,"","economy","versions/schemas; see DEPENDENCIES.md","Designed","T12/T13",3,"","","schema/content/policy version; atomic validation","diagnostics/read-only explanation where applicable"
"RB-25D.1-009","25D.1",938,"","economy","versions/schemas; see DEPENDENCIES.md","Designed","T12/T13",3,"","","schema/content/policy version; atomic validation","diagnostics/read-only explanation where applicable"
"RB-25D.1-010","25D.1",940,"","economy","versions/schemas; see DEPENDENCIES.md","Designed","T12/T13",3,"","","schema/content/policy version; atomic validation","diagnostics/read-only explanation where applicable"
"RB-25D.1-011","25D.1",942,"","economy","versions/schemas; see DEPENDENCIES.md","Designed","T12/T13",3,"","","schema/content/policy version; atomic validation","diagnostics/read-only explanation where applicable"
"RB-25D.1-012","25D.1",944,"","economy","versions/schemas; see DEPENDENCIES.md","Designed","T12/T13",3,"","","schema/content/policy version; atomic validation","diagnostics/read-only explanation where applicable"
"RB-25D.1-013","25D.1",946,"","economy","versions/schemas; see DEPENDENCIES.md","Designed","T12/T13",3,"","","schema/content/policy version; atomic validation","diagnostics/read-only explanation where applicable"
"RB-25D.1-014","25D.1",948,"","economy","versions/schemas; see DEPENDENCIES.md","Designed","T12/T13",3,"","","schema/content/policy version; atomic validation","diagnostics/read-only explanation where applicable"
"RB-25D.1-015","25D.1",950,"","economy","versions/schemas; see DEPENDENCIES.md","Designed","T12/T13",3,"","","schema/content/policy version; atomic validation","diagnostics/read-only explanation where applicable"
"RB-25D.1-016","25D.1",952,"","economy","versions/schemas; see DEPENDENCIES.md","Designed","T12/T13",3,"","","schema/content/policy version; atomic validation","diagnostics/read-only explanation where applicable"
"RB-25D.2-001","25D.2",956,"","economy","versions/schemas; see DEPENDENCIES.md","Designed","T12/T13",3,"","","schema/content/policy version; atomic validation","diagnostics/read-only explanation where applicable"
"RB-25D.2-002","25D.2",958,"","economy","versions/schemas; see DEPENDENCIES.md","Designed","T12/T13",3,"","","schema/content/policy version; atomic validation","diagnostics/read-only explanation where applicable"
"RB-25D.2-003","25D.2",960,"","economy","versions/schemas; see DEPENDENCIES.md","Designed","T12/T13",3,"","","schema/content/policy version; atomic validation","diagnostics/read-only explanation where applicable"
"RB-25D.2-004","25D.2",962,"","economy","versions/schemas; see DEPENDENCIES.md","Designed","T12/T13",3,"","","schema/content/policy version; atomic validation","diagnostics/read-only explanation where applicable"
"RB-25D.2-005","25D.2",964,"","economy","versions/schemas; see DEPENDENCIES.md","Designed","T12/T13",3,"","","schema/content/policy version; atomic validation","diagnostics/read-only explanation where applicable"
"RB-25E-001","25E",968,"","economy","versions/schemas; see DEPENDENCIES.md","Designed","T12/T13",3,"","","schema/content/policy version; atomic validation","diagnostics/read-only explanation where applicable"
"RB-25E-002","25E",970,"","economy","versions/schemas; see DEPENDENCIES.md","Designed","T12/T13",3,"","","schema/content/policy version; atomic validation","diagnostics/read-only explanation where applicable"
"RB-25E-003","25E",972,"","economy","versions/schemas; see DEPENDENCIES.md","Designed","T12/T13",3,"","","schema/content/policy version; atomic validation","diagnostics/read-only explanation where applicable"
"RB-25E-004","25E",974,"","economy","versions/schemas; see DEPENDENCIES.md","Designed","T12/T13",3,"","","schema/content/policy version; atomic validation","diagnostics/read-only explanation where applicable"
"RB-25E-005","25E",976,"","economy","versions/schemas; see DEPENDENCIES.md","Designed","T12/T13",3,"","","schema/content/policy version; atomic validation","diagnostics/read-only explanation where applicable"
"RB-25E-006","25E",978,"","economy","versions/schemas; see DEPENDENCIES.md","Designed","T12/T13",3,"","","schema/content/policy version; atomic validation","diagnostics/read-only explanation where applicable"
"RB-25E-007","25E",980,"","economy","versions/schemas; see DEPENDENCIES.md","Designed","T12/T13",3,"","","schema/content/policy version; atomic validation","diagnostics/read-only explanation where applicable"
"RB-25E-008","25E",981,"","economy","versions/schemas; see DEPENDENCIES.md","Designed","T12/T13",3,"","","schema/content/policy version; atomic validation","diagnostics/read-only explanation where applicable"
"RB-25E-009","25E",982,"","economy","versions/schemas; see DEPENDENCIES.md","Designed","T12/T13",3,"","","schema/content/policy version; atomic validation","diagnostics/read-only explanation where applicable"
"RB-25E-010","25E",983,"","economy","versions/schemas; see DEPENDENCIES.md","Designed","T12/T13",3,"","","schema/content/policy version; atomic validation","diagnostics/read-only explanation where applicable"
"RB-25E-011","25E",984,"","economy","versions/schemas; see DEPENDENCIES.md","Designed","T12/T13",3,"","","schema/content/policy version; atomic validation","diagnostics/read-only explanation where applicable"
"RB-25E-012","25E",986,"","economy","versions/schemas; see DEPENDENCIES.md","Designed","T12/T13",3,"","","schema/content/policy version; atomic validation","diagnostics/read-only explanation where applicable"
"RB-25E-013","25E",988,"","economy","versions/schemas; see DEPENDENCIES.md","Designed","T12/T13",3,"","","schema/content/policy version; atomic validation","diagnostics/read-only explanation where applicable"
"RB-25F-001","25F",992,"","economy","versions/schemas; see DEPENDENCIES.md","Designed","T12/T13",3,"","","schema/content/policy version; atomic validation","diagnostics/read-only explanation where applicable"
"RB-25F-002","25F",994,"","economy","versions/schemas; see DEPENDENCIES.md","Designed","T12/T13",3,"","","schema/content/policy version; atomic validation","diagnostics/read-only explanation where applicable"
"RB-25F-003","25F",996,"","economy","versions/schemas; see DEPENDENCIES.md","Designed","T12/T13",3,"","","schema/content/policy version; atomic validation","diagnostics/read-only explanation where applicable"
"RB-25F-004","25F",998,"","economy","versions/schemas; see DEPENDENCIES.md","Designed","T12/T13",3,"","","schema/content/policy version; atomic validation","diagnostics/read-only explanation where applicable"
"RB-25F-005","25F",1000,"","economy","versions/schemas; see DEPENDENCIES.md","Designed","T12/T13",3,"","","schema/content/policy version; atomic validation","diagnostics/read-only explanation where applicable"
"RB-25F-006","25F",1002,"","economy","versions/schemas; see DEPENDENCIES.md","Designed","T12/T13",3,"","","schema/content/policy version; atomic validation","diagnostics/read-only explanation where applicable"
"RB-25F-007","25F",1004,"","economy","versions/schemas; see DEPENDENCIES.md","Designed","T12/T13",3,"","","schema/content/policy version; atomic validation","diagnostics/read-only explanation where applicable"
"RB-25F-008","25F",1006,"","economy","versions/schemas; see DEPENDENCIES.md","Designed","T12/T13",3,"","","schema/content/policy version; atomic validation","diagnostics/read-only explanation where applicable"
"RB-25F-009","25F",1008,"","economy","versions/schemas; see DEPENDENCIES.md","Designed","T12/T13",3,"","","schema/content/policy version; atomic validation","diagnostics/read-only explanation where applicable"
"RB-25F-010","25F",1010,"","economy","versions/schemas; see DEPENDENCIES.md","Designed","T12/T13",3,"","","schema/content/policy version; atomic validation","diagnostics/read-only explanation where applicable"
"RB-25G-001","25G",1014,"","economy","versions/schemas; see DEPENDENCIES.md","Designed","T12/T13",3,"","","schema/content/policy version; atomic validation","diagnostics/read-only explanation where applicable"
"RB-25G-002","25G",1016,"","economy","versions/schemas; see DEPENDENCIES.md","Designed","T12/T13",3,"","","schema/content/policy version; atomic validation","diagnostics/read-only explanation where applicable"
"RB-25G-003","25G",1018,"","economy","versions/schemas; see DEPENDENCIES.md","Designed","T12/T13",3,"","","schema/content/policy version; atomic validation","diagnostics/read-only explanation where applicable"
"RB-25G-004","25G",1020,"","economy","versions/schemas; see DEPENDENCIES.md","Designed","T12/T13",3,"","","schema/content/policy version; atomic validation","diagnostics/read-only explanation where applicable"
"RB-25G-005","25G",1022,"","economy","versions/schemas; see DEPENDENCIES.md","Designed","T12/T13",3,"","","schema/content/policy version; atomic validation","diagnostics/read-only explanation where applicable"
"RB-25G-006","25G",1024,"","economy","versions/schemas; see DEPENDENCIES.md","Designed","T12/T13",3,"","","schema/content/policy version; atomic validation","diagnostics/read-only explanation where applicable"
"RB-25G-007","25G",1025,"","economy","versions/schemas; see DEPENDENCIES.md","Designed","T12/T13",3,"","","schema/content/policy version; atomic validation","diagnostics/read-only explanation where applicable"
"RB-25G-008","25G",1026,"","economy","versions/schemas; see DEPENDENCIES.md","Designed","T12/T13",3,"","","schema/content/policy version; atomic validation","diagnostics/read-only explanation where applicable"
"RB-25G-009","25G",1027,"","economy","versions/schemas; see DEPENDENCIES.md","Designed","T12/T13",3,"","","schema/content/policy version; atomic validation","diagnostics/read-only explanation where applicable"
"RB-25G-010","25G",1028,"","economy","versions/schemas; see DEPENDENCIES.md","Designed","T12/T13",3,"","","schema/content/policy version; atomic validation","diagnostics/read-only explanation where applicable"
"RB-25G-011","25G",1029,"","economy","versions/schemas; see DEPENDENCIES.md","Designed","T12/T13",3,"","","schema/content/policy version; atomic validation","diagnostics/read-only explanation where applicable"
"RB-25G-012","25G",1030,"","economy","versions/schemas; see DEPENDENCIES.md","Designed","T12/T13",3,"","","schema/content/policy version; atomic validation","diagnostics/read-only explanation where applicable"
"RB-25G-013","25G",1031,"","economy","versions/schemas; see DEPENDENCIES.md","Designed","T12/T13",3,"","","schema/content/policy version; atomic validation","diagnostics/read-only explanation where applicable"
"RB-25G-014","25G",1032,"","economy","versions/schemas; see DEPENDENCIES.md","Designed","T12/T13",3,"","","schema/content/policy version; atomic validation","diagnostics/read-only explanation where applicable"
"RB-25G-015","25G",1033,"","economy","versions/schemas; see DEPENDENCIES.md","Designed","T12/T13",3,"","","schema/content/policy version; atomic validation","diagnostics/read-only explanation where applicable"
"RB-25G-016","25G",1034,"","economy","versions/schemas; see DEPENDENCIES.md","Designed","T12/T13",3,"","","schema/content/policy version; atomic validation","diagnostics/read-only explanation where applicable"
"RB-25G-017","25G",1035,"","economy","versions/schemas; see DEPENDENCIES.md","Designed","T12/T13",3,"","","schema/content/policy version; atomic validation","diagnostics/read-only explanation where applicable"
"RB-25G-018","25G",1037,"","economy","versions/schemas; see DEPENDENCIES.md","Designed","T12/T13",3,"","","schema/content/policy version; atomic validation","diagnostics/read-only explanation where applicable"
"RB-25H-001","25H",1041,"","economy","versions/schemas; see DEPENDENCIES.md","Designed","T12/T13",3,"","","schema/content/policy version; atomic validation","diagnostics/read-only explanation where applicable"
"RB-25H-002","25H",1043,"","economy","versions/schemas; see DEPENDENCIES.md","Designed","T12/T13",3,"","","schema/content/policy version; atomic validation","diagnostics/read-only explanation where applicable"
"RB-25H-003","25H",1045,"","economy","versions/schemas; see DEPENDENCIES.md","Designed","T12/T13",3,"","","schema/content/policy version; atomic validation","diagnostics/read-only explanation where applicable"
"RB-25H-004","25H",1046,"","economy","versions/schemas; see DEPENDENCIES.md","Designed","T12/T13",3,"","","schema/content/policy version; atomic validation","diagnostics/read-only explanation where applicable"
"RB-25H-005","25H",1047,"","economy","versions/schemas; see DEPENDENCIES.md","Designed","T12/T13",3,"","","schema/content/policy version; atomic validation","diagnostics/read-only explanation where applicable"
"RB-25H-006","25H",1048,"","economy","versions/schemas; see DEPENDENCIES.md","Designed","T12/T13",3,"","","schema/content/policy version; atomic validation","diagnostics/read-only explanation where applicable"
"RB-25H-007","25H",1049,"","economy","versions/schemas; see DEPENDENCIES.md","Designed","T12/T13",3,"","","schema/content/policy version; atomic validation","diagnostics/read-only explanation where applicable"
"RB-25H-008","25H",1050,"","economy","versions/schemas; see DEPENDENCIES.md","Designed","T12/T13",3,"","","schema/content/policy version; atomic validation","diagnostics/read-only explanation where applicable"
"RB-25H-009","25H",1052,"","economy","versions/schemas; see DEPENDENCIES.md","Designed","T12/T13",3,"","","schema/content/policy version; atomic validation","diagnostics/read-only explanation where applicable"
"RB-25H-010","25H",1054,"","economy","versions/schemas; see DEPENDENCIES.md","Designed","T12/T13",3,"","","schema/content/policy version; atomic validation","diagnostics/read-only explanation where applicable"
"RB-25H-011","25H",1056,"","economy","versions/schemas; see DEPENDENCIES.md","Designed","T12/T13",3,"","","schema/content/policy version; atomic validation","diagnostics/read-only explanation where applicable"
"RB-25H-012","25H",1058,"","economy","versions/schemas; see DEPENDENCIES.md","Designed","T12/T13",3,"","","schema/content/policy version; atomic validation","diagnostics/read-only explanation where applicable"
"RB-25H-013","25H",1060,"","economy","versions/schemas; see DEPENDENCIES.md","Designed","T12/T13",3,"","","schema/content/policy version; atomic validation","diagnostics/read-only explanation where applicable"
"RB-25H-014","25H",1062,"","economy","versions/schemas; see DEPENDENCIES.md","Designed","T12/T13",3,"","","schema/content/policy version; atomic validation","diagnostics/read-only explanation where applicable"
"RB-25H-015","25H",1064,"","economy","versions/schemas; see DEPENDENCIES.md","Designed","T12/T13",3,"","","schema/content/policy version; atomic validation","diagnostics/read-only explanation where applicable"
"RB-25H-016","25H",1066,"","economy","versions/schemas; see DEPENDENCIES.md","Designed","T12/T13",3,"","","schema/content/policy version; atomic validation","diagnostics/read-only explanation where applicable"
"RB-26-001","26",1071,"","ui","versions/schemas; see DEPENDENCIES.md","Designed","T16",7,"","","schema/content/policy version; atomic validation","stable art/audio keys; semantic control; T16/T17"
"RB-26A-001","26A",1075,"","ui","versions/schemas; see DEPENDENCIES.md","Designed","T16",7,"","","schema/content/policy version; atomic validation","stable art/audio keys; semantic control; T16/T17"
"RB-26A-002","26A",1077,"","ui","campaign repository; camera","Designed","T16",7,"src/app.ts; src/style.css","tests/browser/gate0.spec.ts; tests/browser/gate1.spec.ts","schema/content/policy version; atomic validation","stable art/audio keys; semantic control; T16/T17"
"RB-26A-003","26A",1078,"","ui","campaign repository; camera","Designed","T16",7,"src/app.ts; src/style.css","tests/browser/gate0.spec.ts; tests/browser/gate1.spec.ts","schema/content/policy version; atomic validation","stable art/audio keys; semantic control; T16/T17"
"RB-26A-004","26A",1079,"","ui","campaign repository; camera","Designed","T16",7,"src/app.ts; src/style.css","tests/browser/gate0.spec.ts; tests/browser/gate1.spec.ts","schema/content/policy version; atomic validation","stable art/audio keys; semantic control; T16/T17"
"RB-26A-005","26A",1080,"","ui","versions/schemas; see DEPENDENCIES.md","Designed","T16",7,"","","schema/content/policy version; atomic validation","stable art/audio keys; semantic control; T16/T17"
"RB-26A-006","26A",1081,"","ui","versions/schemas; see DEPENDENCIES.md","Designed","T16",7,"","","schema/content/policy version; atomic validation","stable art/audio keys; semantic control; T16/T17"
"RB-26A-007","26A",1082,"","ui","versions/schemas; see DEPENDENCIES.md","Designed","T16",7,"","","schema/content/policy version; atomic validation","stable art/audio keys; semantic control; T16/T17"
"RB-26A-008","26A",1083,"","ui","versions/schemas; see DEPENDENCIES.md","Designed","T16",7,"","","schema/content/policy version; atomic validation","stable art/audio keys; semantic control; T16/T17"
"RB-26A-009","26A",1084,"","ui","versions/schemas; see DEPENDENCIES.md","Designed","T16",7,"","","schema/content/policy version; atomic validation","stable art/audio keys; semantic control; T16/T17"
"RB-26A-010","26A",1085,"","ui","versions/schemas; see DEPENDENCIES.md","Designed","T16",7,"","","schema/content/policy version; atomic validation","stable art/audio keys; semantic control; T16/T17"
"RB-26A-011","26A",1086,"","ui","versions/schemas; see DEPENDENCIES.md","Designed","T16",7,"","","schema/content/policy version; atomic validation","stable art/audio keys; semantic control; T16/T17"
"RB-26A-012","26A",1088,"","ui","versions/schemas; see DEPENDENCIES.md","Designed","T16",7,"","","schema/content/policy version; atomic validation","stable art/audio keys; semantic control; T16/T17"
"RB-26A-013","26A",1090,"","ui","versions/schemas; see DEPENDENCIES.md","Designed","T16",7,"","","schema/content/policy version; atomic validation","stable art/audio keys; semantic control; T16/T17"
"RB-26A-014","26A",1092,"","ui","versions/schemas; see DEPENDENCIES.md","Designed","T16",7,"","","schema/content/policy version; atomic validation","stable art/audio keys; semantic control; T16/T17"
"RB-26A-015","26A",1094,"","ui","versions/schemas; see DEPENDENCIES.md","Designed","T16",7,"","","schema/content/policy version; atomic validation","stable art/audio keys; semantic control; T16/T17"
"RB-26B-001","26B",1098,"","ui","versions/schemas; see DEPENDENCIES.md","Designed","T16",7,"","","schema/content/policy version; atomic validation","stable art/audio keys; semantic control; T16/T17"
"RB-26B-002","26B",1100,"","ui","versions/schemas; see DEPENDENCIES.md","Designed","T16",7,"","","schema/content/policy version; atomic validation","stable art/audio keys; semantic control; T16/T17"
"RB-26B-003","26B",1102,"","ui","versions/schemas; see DEPENDENCIES.md","Designed","T16",7,"","","schema/content/policy version; atomic validation","stable art/audio keys; semantic control; T16/T17"
"RB-26B-004","26B",1103,"","ui","versions/schemas; see DEPENDENCIES.md","Designed","T16",7,"","","schema/content/policy version; atomic validation","stable art/audio keys; semantic control; T16/T17"
"RB-26B-005","26B",1104,"","ui","versions/schemas; see DEPENDENCIES.md","Designed","T16",7,"","","schema/content/policy version; atomic validation","stable art/audio keys; semantic control; T16/T17"
"RB-26B-006","26B",1105,"","ui","versions/schemas; see DEPENDENCIES.md","Designed","T16",7,"","","schema/content/policy version; atomic validation","stable art/audio keys; semantic control; T16/T17"
"RB-26B-007","26B",1106,"","ui","versions/schemas; see DEPENDENCIES.md","Designed","T16",7,"","","schema/content/policy version; atomic validation","stable art/audio keys; semantic control; T16/T17"
"RB-26B-008","26B",1107,"","ui","versions/schemas; see DEPENDENCIES.md","Designed","T16",7,"","","schema/content/policy version; atomic validation","stable art/audio keys; semantic control; T16/T17"
"RB-26B-009","26B",1108,"","ui","versions/schemas; see DEPENDENCIES.md","Designed","T16",7,"","","schema/content/policy version; atomic validation","stable art/audio keys; semantic control; T16/T17"
"RB-26B-010","26B",1109,"","ui","versions/schemas; see DEPENDENCIES.md","Designed","T16",7,"","","schema/content/policy version; atomic validation","stable art/audio keys; semantic control; T16/T17"
"RB-26B-011","26B",1111,"","ui","campaign repository; camera","Designed","T16",7,"src/app.ts; src/style.css","tests/browser/gate0.spec.ts; tests/browser/gate1.spec.ts","schema/content/policy version; atomic validation","stable art/audio keys; semantic control; T16/T17"
"RB-26B-012","26B",1113,"","ui","versions/schemas; see DEPENDENCIES.md","Designed","T16",7,"","","schema/content/policy version; atomic validation","stable art/audio keys; semantic control; T16/T17"
"RB-26B-013","26B",1115,"","ui","versions/schemas; see DEPENDENCIES.md","Designed","T16",7,"","","schema/content/policy version; atomic validation","stable art/audio keys; semantic control; T16/T17"
"RB-26B-014","26B",1117,"","ui","versions/schemas; see DEPENDENCIES.md","Designed","T16",7,"","","schema/content/policy version; atomic validation","stable art/audio keys; semantic control; T16/T17"
"RB-26B-015","26B",1119,"","ui","versions/schemas; see DEPENDENCIES.md","Designed","T16",7,"","","schema/content/policy version; atomic validation","stable art/audio keys; semantic control; T16/T17"
"RB-26B-016","26B",1121,"","ui","versions/schemas; see DEPENDENCIES.md","Designed","T16",7,"","","schema/content/policy version; atomic validation","stable art/audio keys; semantic control; T16/T17"
"RB-26B-017","26B",1123,"","ui","versions/schemas; see DEPENDENCIES.md","Designed","T16",7,"","","schema/content/policy version; atomic validation","stable art/audio keys; semantic control; T16/T17"
"RB-26B-018","26B",1125,"","ui","versions/schemas; see DEPENDENCIES.md","Designed","T16",7,"","","schema/content/policy version; atomic validation","stable art/audio keys; semantic control; T16/T17"
"RB-26C-001","26C",1129,"","ui","versions/schemas; see DEPENDENCIES.md","Designed","T16",7,"","","schema/content/policy version; atomic validation","stable art/audio keys; semantic control; T16/T17"
"RB-26C-002","26C",1131,"","ui","versions/schemas; see DEPENDENCIES.md","Designed","T16",7,"","","schema/content/policy version; atomic validation","stable art/audio keys; semantic control; T16/T17"
"RB-26C-003","26C",1133,"","ui","versions/schemas; see DEPENDENCIES.md","Designed","T16",7,"","","schema/content/policy version; atomic validation","stable art/audio keys; semantic control; T16/T17"
"RB-26C-004","26C",1134,"","ui","versions/schemas; see DEPENDENCIES.md","Designed","T16",7,"","","schema/content/policy version; atomic validation","stable art/audio keys; semantic control; T16/T17"
"RB-26C-005","26C",1135,"","ui","versions/schemas; see DEPENDENCIES.md","Designed","T16",7,"","","schema/content/policy version; atomic validation","stable art/audio keys; semantic control; T16/T17"
"RB-26C-006","26C",1136,"","ui","versions/schemas; see DEPENDENCIES.md","Designed","T16",7,"","","schema/content/policy version; atomic validation","stable art/audio keys; semantic control; T16/T17"
"RB-26C-007","26C",1137,"","ui","versions/schemas; see DEPENDENCIES.md","Designed","T16",7,"","","schema/content/policy version; atomic validation","stable art/audio keys; semantic control; T16/T17"
"RB-26C-008","26C",1138,"","ui","versions/schemas; see DEPENDENCIES.md","Designed","T16",7,"","","schema/content/policy version; atomic validation","stable art/audio keys; semantic control; T16/T17"
"RB-26C-009","26C",1139,"","ui","versions/schemas; see DEPENDENCIES.md","Designed","T16",7,"","","schema/content/policy version; atomic validation","stable art/audio keys; semantic control; T16/T17"
"RB-26C-010","26C",1140,"","ui","versions/schemas; see DEPENDENCIES.md","Designed","T16",7,"","","schema/content/policy version; atomic validation","stable art/audio keys; semantic control; T16/T17"
"RB-26C-011","26C",1142,"","ui","versions/schemas; see DEPENDENCIES.md","Designed","T16",7,"","","schema/content/policy version; atomic validation","stable art/audio keys; semantic control; T16/T17"
"RB-26C-012","26C",1144,"","ui","versions/schemas; see DEPENDENCIES.md","Designed","T16",7,"","","schema/content/policy version; atomic validation","stable art/audio keys; semantic control; T16/T17"
"RB-26D-001","26D",1148,"","ui","versions/schemas; see DEPENDENCIES.md","Designed","T16",7,"","","schema/content/policy version; atomic validation","stable art/audio keys; semantic control; T16/T17"
"RB-26D-002","26D",1150,"","ui","versions/schemas; see DEPENDENCIES.md","Designed","T16",7,"","","schema/content/policy version; atomic validation","stable art/audio keys; semantic control; T16/T17"
"RB-26D-003","26D",1152,"","ui","versions/schemas; see DEPENDENCIES.md","Designed","T16",7,"","","schema/content/policy version; atomic validation","stable art/audio keys; semantic control; T16/T17"
"RB-26D-004","26D",1154,"","ui","versions/schemas; see DEPENDENCIES.md","Designed","T16",7,"","","schema/content/policy version; atomic validation","stable art/audio keys; semantic control; T16/T17"
"RB-26D-005","26D",1156,"","ui","versions/schemas; see DEPENDENCIES.md","Designed","T16",7,"","","schema/content/policy version; atomic validation","stable art/audio keys; semantic control; T16/T17"
"RB-26E-001","26E",1160,"","ui","versions/schemas; see DEPENDENCIES.md","Designed","T16",7,"","","schema/content/policy version; atomic validation","stable art/audio keys; semantic control; T16/T17"
"RB-26E-002","26E",1162,"","ui","versions/schemas; see DEPENDENCIES.md","Designed","T16",7,"","","schema/content/policy version; atomic validation","stable art/audio keys; semantic control; T16/T17"
"RB-26E-003","26E",1163,"","ui","versions/schemas; see DEPENDENCIES.md","Designed","T16",7,"","","schema/content/policy version; atomic validation","stable art/audio keys; semantic control; T16/T17"
"RB-26E-004","26E",1164,"","ui","versions/schemas; see DEPENDENCIES.md","Designed","T16",7,"","","schema/content/policy version; atomic validation","stable art/audio keys; semantic control; T16/T17"
"RB-26E-005","26E",1165,"","ui","versions/schemas; see DEPENDENCIES.md","Designed","T16",7,"","","schema/content/policy version; atomic validation","stable art/audio keys; semantic control; T16/T17"
"RB-26E-006","26E",1167,"","ui","versions/schemas; see DEPENDENCIES.md","Designed","T16",7,"","","schema/content/policy version; atomic validation","stable art/audio keys; semantic control; T16/T17"
"RB-26E-007","26E",1169,"","ui","versions/schemas; see DEPENDENCIES.md","Designed","T16",7,"","","schema/content/policy version; atomic validation","stable art/audio keys; semantic control; T16/T17"
"RB-26E-008","26E",1171,"","ui","versions/schemas; see DEPENDENCIES.md","Designed","T16",7,"","","schema/content/policy version; atomic validation","stable art/audio keys; semantic control; T16/T17"
"RB-26E-009","26E",1173,"","ui","versions/schemas; see DEPENDENCIES.md","Designed","T16",7,"","","schema/content/policy version; atomic validation","stable art/audio keys; semantic control; T16/T17"
"RB-26E-010","26E",1175,"","ui","versions/schemas; see DEPENDENCIES.md","Designed","T16",7,"","","schema/content/policy version; atomic validation","stable art/audio keys; semantic control; T16/T17"
"RB-26E-011","26E",1177,"","ui","versions/schemas; see DEPENDENCIES.md","Designed","T16",7,"","","schema/content/policy version; atomic validation","stable art/audio keys; semantic control; T16/T17"
"RB-26E-012","26E",1178,"","ui","versions/schemas; see DEPENDENCIES.md","Designed","T16",7,"","","schema/content/policy version; atomic validation","stable art/audio keys; semantic control; T16/T17"
"RB-26E-013","26E",1179,"","ui","versions/schemas; see DEPENDENCIES.md","Designed","T16",7,"","","schema/content/policy version; atomic validation","stable art/audio keys; semantic control; T16/T17"
"RB-26E-014","26E",1180,"","ui","versions/schemas; see DEPENDENCIES.md","Designed","T16",7,"","","schema/content/policy version; atomic validation","stable art/audio keys; semantic control; T16/T17"
"RB-26E-015","26E",1181,"","ui","versions/schemas; see DEPENDENCIES.md","Designed","T16",7,"","","schema/content/policy version; atomic validation","stable art/audio keys; semantic control; T16/T17"
"RB-26E-016","26E",1183,"","ui","versions/schemas; see DEPENDENCIES.md","Designed","T16",7,"","","schema/content/policy version; atomic validation","stable art/audio keys; semantic control; T16/T17"
"RB-26E-017","26E",1185,"","ui","versions/schemas; see DEPENDENCIES.md","Designed","T16",7,"","","schema/content/policy version; atomic validation","stable art/audio keys; semantic control; T16/T17"
"RB-26E-018","26E",1187,"","ui","versions/schemas; see DEPENDENCIES.md","Designed","T16",7,"","","schema/content/policy version; atomic validation","stable art/audio keys; semantic control; T16/T17"
"RB-26E-019","26E",1188,"","ui","versions/schemas; see DEPENDENCIES.md","Designed","T16",7,"","","schema/content/policy version; atomic validation","stable art/audio keys; semantic control; T16/T17"
"RB-26E-020","26E",1189,"","ui","versions/schemas; see DEPENDENCIES.md","Designed","T16",7,"","","schema/content/policy version; atomic validation","stable art/audio keys; semantic control; T16/T17"
"RB-26E-021","26E",1190,"","ui","versions/schemas; see DEPENDENCIES.md","Designed","T16",7,"","","schema/content/policy version; atomic validation","stable art/audio keys; semantic control; T16/T17"
"RB-26E-022","26E",1191,"","ui","versions/schemas; see DEPENDENCIES.md","Designed","T16",7,"","","schema/content/policy version; atomic validation","stable art/audio keys; semantic control; T16/T17"
"RB-26E-023","26E",1192,"","ui","versions/schemas; see DEPENDENCIES.md","Designed","T16",7,"","","schema/content/policy version; atomic validation","stable art/audio keys; semantic control; T16/T17"
"RB-26E-024","26E",1193,"","ui","versions/schemas; see DEPENDENCIES.md","Designed","T16",7,"","","schema/content/policy version; atomic validation","stable art/audio keys; semantic control; T16/T17"
"RB-26E-025","26E",1195,"","ui","versions/schemas; see DEPENDENCIES.md","Designed","T16",7,"","","schema/content/policy version; atomic validation","stable art/audio keys; semantic control; T16/T17"
"RB-26E-026","26E",1197,"","ui","versions/schemas; see DEPENDENCIES.md","Designed","T16",7,"","","schema/content/policy version; atomic validation","stable art/audio keys; semantic control; T16/T17"
"RB-26F-001","26F",1201,"","ui","versions/schemas; see DEPENDENCIES.md","Designed","T16",7,"","","schema/content/policy version; atomic validation","stable art/audio keys; semantic control; T16/T17"
"RB-26F-002","26F",1203,"","ui","versions/schemas; see DEPENDENCIES.md","Designed","T16",7,"","","schema/content/policy version; atomic validation","stable art/audio keys; semantic control; T16/T17"
"RB-27-001","27",1208,"","actions","versions/schemas; see DEPENDENCIES.md","Designed","T09",5,"","","no direct durable mutation; retain content/build version","stable art/audio keys; semantic control; T16/T17"
"RB-27A-001","27A",1212,"","actions","versions/schemas; see DEPENDENCIES.md","Designed","T09",5,"","","no direct durable mutation; retain content/build version","stable art/audio keys; semantic control; T16/T17"
"RB-27A-002","27A",1214,"","actions","versions/schemas; see DEPENDENCIES.md","Designed","T09",5,"","","no direct durable mutation; retain content/build version","stable art/audio keys; semantic control; T16/T17"
"RB-27A-003","27A",1216,"","actions","versions/schemas; see DEPENDENCIES.md","Designed","T09",5,"","","no direct durable mutation; retain content/build version","stable art/audio keys; semantic control; T16/T17"
"RB-27A-004","27A",1218,"","actions","versions/schemas; see DEPENDENCIES.md","Designed","T09",5,"","","no direct durable mutation; retain content/build version","stable art/audio keys; semantic control; T16/T17"
"RB-27A-005","27A",1220,"","actions","versions/schemas; see DEPENDENCIES.md","Designed","T09",5,"","","no direct durable mutation; retain content/build version","stable art/audio keys; semantic control; T16/T17"
"RB-27A-006","27A",1222,"","actions","versions/schemas; see DEPENDENCIES.md","Designed","T09",5,"","","no direct durable mutation; retain content/build version","stable art/audio keys; semantic control; T16/T17"
"RB-27A-007","27A",1224,"","actions","versions/schemas; see DEPENDENCIES.md","Designed","T09",5,"","","no direct durable mutation; retain content/build version","stable art/audio keys; semantic control; T16/T17"
"RB-27A-008","27A",1226,"","actions","versions/schemas; see DEPENDENCIES.md","Designed","T09",5,"","","no direct durable mutation; retain content/build version","stable art/audio keys; semantic control; T16/T17"
"RB-27B-001","27B",1230,"","actions","versions/schemas; see DEPENDENCIES.md","Designed","T09",5,"","","no direct durable mutation; retain content/build version","stable art/audio keys; semantic control; T16/T17"
"RB-27B-002","27B",1232,"","actions","versions/schemas; see DEPENDENCIES.md","Designed","T09",5,"","","no direct durable mutation; retain content/build version","stable art/audio keys; semantic control; T16/T17"
"RB-27B-003","27B",1233,"","actions","versions/schemas; see DEPENDENCIES.md","Designed","T09",5,"","","no direct durable mutation; retain content/build version","stable art/audio keys; semantic control; T16/T17"
"RB-27B-004","27B",1234,"","actions","versions/schemas; see DEPENDENCIES.md","Designed","T09",5,"","","no direct durable mutation; retain content/build version","stable art/audio keys; semantic control; T16/T17"
"RB-27B-005","27B",1235,"","actions","versions/schemas; see DEPENDENCIES.md","Designed","T09",5,"","","no direct durable mutation; retain content/build version","stable art/audio keys; semantic control; T16/T17"
"RB-27B-006","27B",1236,"","actions","versions/schemas; see DEPENDENCIES.md","Designed","T09",5,"","","no direct durable mutation; retain content/build version","stable art/audio keys; semantic control; T16/T17"
"RB-27B-007","27B",1237,"","actions","versions/schemas; see DEPENDENCIES.md","Designed","T09",5,"","","no direct durable mutation; retain content/build version","stable art/audio keys; semantic control; T16/T17"
"RB-27B-008","27B",1238,"","actions","versions/schemas; see DEPENDENCIES.md","Designed","T09",5,"","","no direct durable mutation; retain content/build version","stable art/audio keys; semantic control; T16/T17"
"RB-27B-009","27B",1239,"","actions","versions/schemas; see DEPENDENCIES.md","Designed","T09",5,"","","no direct durable mutation; retain content/build version","stable art/audio keys; semantic control; T16/T17"
"RB-27B-010","27B",1241,"","actions","versions/schemas; see DEPENDENCIES.md","Designed","T09",5,"","","no direct durable mutation; retain content/build version","stable art/audio keys; semantic control; T16/T17"
"RB-27C-001","27C",1245,"","actions","versions/schemas; see DEPENDENCIES.md","Designed","T09",5,"","","no direct durable mutation; retain content/build version","stable art/audio keys; semantic control; T16/T17"
"RB-27C-002","27C",1247,"","actions","versions/schemas; see DEPENDENCIES.md","Designed","T09",5,"","","no direct durable mutation; retain content/build version","stable art/audio keys; semantic control; T16/T17"
"RB-27C-003","27C",1248,"","actions","versions/schemas; see DEPENDENCIES.md","Designed","T09",5,"","","no direct durable mutation; retain content/build version","stable art/audio keys; semantic control; T16/T17"
"RB-27C-004","27C",1249,"","actions","versions/schemas; see DEPENDENCIES.md","Designed","T09",5,"","","no direct durable mutation; retain content/build version","stable art/audio keys; semantic control; T16/T17"
"RB-27C-005","27C",1250,"","actions","versions/schemas; see DEPENDENCIES.md","Designed","T09",5,"","","no direct durable mutation; retain content/build version","stable art/audio keys; semantic control; T16/T17"
"RB-27C-006","27C",1251,"","actions","versions/schemas; see DEPENDENCIES.md","Designed","T09",5,"","","no direct durable mutation; retain content/build version","stable art/audio keys; semantic control; T16/T17"
"RB-27C-007","27C",1252,"","actions","versions/schemas; see DEPENDENCIES.md","Designed","T09",5,"","","no direct durable mutation; retain content/build version","stable art/audio keys; semantic control; T16/T17"
"RB-27C-008","27C",1254,"","actions","versions/schemas; see DEPENDENCIES.md","Designed","T09",5,"","","no direct durable mutation; retain content/build version","stable art/audio keys; semantic control; T16/T17"
"RB-27C-009","27C",1256,"","actions","versions/schemas; see DEPENDENCIES.md","Designed","T09",5,"","","no direct durable mutation; retain content/build version","stable art/audio keys; semantic control; T16/T17"
"RB-27D-001","27D",1260,"","actions","versions/schemas; see DEPENDENCIES.md","Designed","T09",5,"","","no direct durable mutation; retain content/build version","stable art/audio keys; semantic control; T16/T17"
"RB-27D-002","27D",1262,"","actions","versions/schemas; see DEPENDENCIES.md","Designed","T09",5,"","","no direct durable mutation; retain content/build version","stable art/audio keys; semantic control; T16/T17"
"RB-27D-003","27D",1264,"","actions","versions/schemas; see DEPENDENCIES.md","Designed","T09",5,"","","no direct durable mutation; retain content/build version","stable art/audio keys; semantic control; T16/T17"
"RB-27D-004","27D",1265,"","actions","versions/schemas; see DEPENDENCIES.md","Designed","T09",5,"","","no direct durable mutation; retain content/build version","stable art/audio keys; semantic control; T16/T17"
"RB-27D-005","27D",1266,"","actions","versions/schemas; see DEPENDENCIES.md","Designed","T09",5,"","","no direct durable mutation; retain content/build version","stable art/audio keys; semantic control; T16/T17"
"RB-27D-006","27D",1267,"","actions","versions/schemas; see DEPENDENCIES.md","Designed","T09",5,"","","no direct durable mutation; retain content/build version","stable art/audio keys; semantic control; T16/T17"
"RB-27D-007","27D",1268,"","actions","versions/schemas; see DEPENDENCIES.md","Designed","T09",5,"","","no direct durable mutation; retain content/build version","stable art/audio keys; semantic control; T16/T17"
"RB-27D-008","27D",1269,"","actions","versions/schemas; see DEPENDENCIES.md","Designed","T09",5,"","","no direct durable mutation; retain content/build version","stable art/audio keys; semantic control; T16/T17"
"RB-27D-009","27D",1270,"","actions","versions/schemas; see DEPENDENCIES.md","Designed","T09",5,"","","no direct durable mutation; retain content/build version","stable art/audio keys; semantic control; T16/T17"
"RB-27D-010","27D",1271,"","actions","versions/schemas; see DEPENDENCIES.md","Designed","T09",5,"","","no direct durable mutation; retain content/build version","stable art/audio keys; semantic control; T16/T17"
"RB-27D-011","27D",1272,"","actions","versions/schemas; see DEPENDENCIES.md","Designed","T09",5,"","","no direct durable mutation; retain content/build version","stable art/audio keys; semantic control; T16/T17"
"RB-27D-012","27D",1273,"","actions","versions/schemas; see DEPENDENCIES.md","Designed","T09",5,"","","no direct durable mutation; retain content/build version","stable art/audio keys; semantic control; T16/T17"
"RB-27D-013","27D",1275,"","actions","versions/schemas; see DEPENDENCIES.md","Designed","T09",5,"","","no direct durable mutation; retain content/build version","stable art/audio keys; semantic control; T16/T17"
"RB-27D-014","27D",1277,"","actions","versions/schemas; see DEPENDENCIES.md","Designed","T09",5,"","","no direct durable mutation; retain content/build version","stable art/audio keys; semantic control; T16/T17"
"RB-27E-001","27E",1281,"","actions","versions/schemas; see DEPENDENCIES.md","Designed","T09",5,"","","no direct durable mutation; retain content/build version","stable art/audio keys; semantic control; T16/T17"
"RB-27E-002","27E",1283,"","actions","versions/schemas; see DEPENDENCIES.md","Designed","T09",5,"","","no direct durable mutation; retain content/build version","stable art/audio keys; semantic control; T16/T17"
"RB-27E-003","27E",1285,"","actions","versions/schemas; see DEPENDENCIES.md","Designed","T09",5,"","","no direct durable mutation; retain content/build version","stable art/audio keys; semantic control; T16/T17"
"RB-27E-004","27E",1286,"","actions","versions/schemas; see DEPENDENCIES.md","Designed","T09",5,"","","no direct durable mutation; retain content/build version","stable art/audio keys; semantic control; T16/T17"
"RB-27E-005","27E",1287,"","actions","versions/schemas; see DEPENDENCIES.md","Designed","T09",5,"","","no direct durable mutation; retain content/build version","stable art/audio keys; semantic control; T16/T17"
"RB-27E-006","27E",1288,"","actions","versions/schemas; see DEPENDENCIES.md","Designed","T09",5,"","","no direct durable mutation; retain content/build version","stable art/audio keys; semantic control; T16/T17"
"RB-27E-007","27E",1289,"","actions","versions/schemas; see DEPENDENCIES.md","Designed","T09",5,"","","no direct durable mutation; retain content/build version","stable art/audio keys; semantic control; T16/T17"
"RB-27E-008","27E",1290,"","actions","versions/schemas; see DEPENDENCIES.md","Designed","T09",5,"","","no direct durable mutation; retain content/build version","stable art/audio keys; semantic control; T16/T17"
"RB-27E-009","27E",1291,"","actions","versions/schemas; see DEPENDENCIES.md","Designed","T09",5,"","","no direct durable mutation; retain content/build version","stable art/audio keys; semantic control; T16/T17"
"RB-27E-010","27E",1292,"","actions","versions/schemas; see DEPENDENCIES.md","Designed","T09",5,"","","no direct durable mutation; retain content/build version","stable art/audio keys; semantic control; T16/T17"
"RB-27E-011","27E",1294,"","actions","versions/schemas; see DEPENDENCIES.md","Designed","T09",5,"","","no direct durable mutation; retain content/build version","stable art/audio keys; semantic control; T16/T17"
"RB-27E-012","27E",1296,"","actions","versions/schemas; see DEPENDENCIES.md","Designed","T09",5,"","","no direct durable mutation; retain content/build version","stable art/audio keys; semantic control; T16/T17"
"RB-27E-013","27E",1297,"","actions","versions/schemas; see DEPENDENCIES.md","Designed","T09",5,"","","no direct durable mutation; retain content/build version","stable art/audio keys; semantic control; T16/T17"
"RB-27E-014","27E",1298,"","actions","versions/schemas; see DEPENDENCIES.md","Designed","T09",5,"","","no direct durable mutation; retain content/build version","stable art/audio keys; semantic control; T16/T17"
"RB-27E-015","27E",1299,"","actions","versions/schemas; see DEPENDENCIES.md","Designed","T09",5,"","","no direct durable mutation; retain content/build version","stable art/audio keys; semantic control; T16/T17"
"RB-27E-016","27E",1300,"","actions","versions/schemas; see DEPENDENCIES.md","Designed","T09",5,"","","no direct durable mutation; retain content/build version","stable art/audio keys; semantic control; T16/T17"
"RB-27E-017","27E",1301,"","actions","versions/schemas; see DEPENDENCIES.md","Designed","T09",5,"","","no direct durable mutation; retain content/build version","stable art/audio keys; semantic control; T16/T17"
"RB-27E-018","27E",1302,"","actions","versions/schemas; see DEPENDENCIES.md","Designed","T09",5,"","","no direct durable mutation; retain content/build version","stable art/audio keys; semantic control; T16/T17"
"RB-27E-019","27E",1303,"","actions","versions/schemas; see DEPENDENCIES.md","Designed","T09",5,"","","no direct durable mutation; retain content/build version","stable art/audio keys; semantic control; T16/T17"
"RB-27E-020","27E",1305,"","actions","versions/schemas; see DEPENDENCIES.md","Designed","T09",5,"","","no direct durable mutation; retain content/build version","stable art/audio keys; semantic control; T16/T17"
"RB-27F-001","27F",1309,"","actions","versions/schemas; see DEPENDENCIES.md","Designed","T09",5,"","","no direct durable mutation; retain content/build version","stable art/audio keys; semantic control; T16/T17"
"RB-27F-002","27F",1311,"","actions","versions/schemas; see DEPENDENCIES.md","Designed","T09",5,"","","no direct durable mutation; retain content/build version","stable art/audio keys; semantic control; T16/T17"
"RB-27F-003","27F",1313,"","actions","versions/schemas; see DEPENDENCIES.md","Designed","T09",5,"","","no direct durable mutation; retain content/build version","stable art/audio keys; semantic control; T16/T17"
"RB-27F-004","27F",1315,"","actions","versions/schemas; see DEPENDENCIES.md","Designed","T09",5,"","","no direct durable mutation; retain content/build version","stable art/audio keys; semantic control; T16/T17"
"RB-27F-005","27F",1316,"","actions","versions/schemas; see DEPENDENCIES.md","Designed","T09",5,"","","no direct durable mutation; retain content/build version","stable art/audio keys; semantic control; T16/T17"
"RB-27F-006","27F",1317,"","actions","versions/schemas; see DEPENDENCIES.md","Designed","T09",5,"","","no direct durable mutation; retain content/build version","stable art/audio keys; semantic control; T16/T17"
"RB-27F-007","27F",1318,"","actions","versions/schemas; see DEPENDENCIES.md","Designed","T09",5,"","","no direct durable mutation; retain content/build version","stable art/audio keys; semantic control; T16/T17"
"RB-27F-008","27F",1319,"","actions","versions/schemas; see DEPENDENCIES.md","Designed","T09",5,"","","no direct durable mutation; retain content/build version","stable art/audio keys; semantic control; T16/T17"
"RB-27F-009","27F",1320,"","actions","versions/schemas; see DEPENDENCIES.md","Designed","T09",5,"","","no direct durable mutation; retain content/build version","stable art/audio keys; semantic control; T16/T17"
"RB-27F-010","27F",1321,"","actions","versions/schemas; see DEPENDENCIES.md","Designed","T09",5,"","","no direct durable mutation; retain content/build version","stable art/audio keys; semantic control; T16/T17"
"RB-27F-011","27F",1322,"","actions","versions/schemas; see DEPENDENCIES.md","Designed","T09",5,"","","no direct durable mutation; retain content/build version","stable art/audio keys; semantic control; T16/T17"
"RB-27F-012","27F",1323,"","actions","versions/schemas; see DEPENDENCIES.md","Designed","T09",5,"","","no direct durable mutation; retain content/build version","stable art/audio keys; semantic control; T16/T17"
"RB-27F-013","27F",1325,"","actions","versions/schemas; see DEPENDENCIES.md","Designed","T09",5,"","","no direct durable mutation; retain content/build version","stable art/audio keys; semantic control; T16/T17"
"RB-27F-014","27F",1327,"","actions","versions/schemas; see DEPENDENCIES.md","Designed","T09",5,"","","no direct durable mutation; retain content/build version","stable art/audio keys; semantic control; T16/T17"
"RB-27F-015","27F",1329,"","actions","versions/schemas; see DEPENDENCIES.md","Designed","T09",5,"","","no direct durable mutation; retain content/build version","stable art/audio keys; semantic control; T16/T17"
"RB-27G-001","27G",1333,"","actions","versions/schemas; see DEPENDENCIES.md","Designed","T09",5,"","","no direct durable mutation; retain content/build version","stable art/audio keys; semantic control; T16/T17"
"RB-27G-002","27G",1335,"","actions","versions/schemas; see DEPENDENCIES.md","Designed","T09",5,"","","no direct durable mutation; retain content/build version","stable art/audio keys; semantic control; T16/T17"
"RB-27G-003","27G",1337,"","actions","versions/schemas; see DEPENDENCIES.md","Designed","T09",5,"","","no direct durable mutation; retain content/build version","stable art/audio keys; semantic control; T16/T17"
"RB-27G-004","27G",1339,"","actions","versions/schemas; see DEPENDENCIES.md","Designed","T09",5,"","","no direct durable mutation; retain content/build version","stable art/audio keys; semantic control; T16/T17"
"RB-27G-005","27G",1341,"","actions","versions/schemas; see DEPENDENCIES.md","Designed","T09",5,"","","no direct durable mutation; retain content/build version","stable art/audio keys; semantic control; T16/T17"
"RB-27G-006","27G",1343,"","actions","versions/schemas; see DEPENDENCIES.md","Designed","T09",5,"","","no direct durable mutation; retain content/build version","stable art/audio keys; semantic control; T16/T17"
"RB-27G-007","27G",1345,"","actions","versions/schemas; see DEPENDENCIES.md","Designed","T09",5,"","","no direct durable mutation; retain content/build version","stable art/audio keys; semantic control; T16/T17"
"RB-27H-001","27H",1349,"","actions","versions/schemas; see DEPENDENCIES.md","Designed","T09",5,"","","no direct durable mutation; retain content/build version","stable art/audio keys; semantic control; T16/T17"
"RB-27H-002","27H",1351,"","actions","versions/schemas; see DEPENDENCIES.md","Designed","T09",5,"","","no direct durable mutation; retain content/build version","stable art/audio keys; semantic control; T16/T17"
"RB-27H-003","27H",1353,"","actions","versions/schemas; see DEPENDENCIES.md","Designed","T09",5,"","","no direct durable mutation; retain content/build version","stable art/audio keys; semantic control; T16/T17"
"RB-27H-004","27H",1355,"","actions","versions/schemas; see DEPENDENCIES.md","Designed","T09",5,"","","no direct durable mutation; retain content/build version","stable art/audio keys; semantic control; T16/T17"
"RB-27H-005","27H",1356,"","actions","versions/schemas; see DEPENDENCIES.md","Designed","T09",5,"","","no direct durable mutation; retain content/build version","stable art/audio keys; semantic control; T16/T17"
"RB-27H-006","27H",1357,"","actions","versions/schemas; see DEPENDENCIES.md","Designed","T09",5,"","","no direct durable mutation; retain content/build version","stable art/audio keys; semantic control; T16/T17"
"RB-27H-007","27H",1358,"","actions","versions/schemas; see DEPENDENCIES.md","Designed","T09",5,"","","no direct durable mutation; retain content/build version","stable art/audio keys; semantic control; T16/T17"
"RB-27H-008","27H",1359,"","actions","versions/schemas; see DEPENDENCIES.md","Designed","T09",5,"","","no direct durable mutation; retain content/build version","stable art/audio keys; semantic control; T16/T17"
"RB-27H-009","27H",1360,"","actions","versions/schemas; see DEPENDENCIES.md","Designed","T09",5,"","","no direct durable mutation; retain content/build version","stable art/audio keys; semantic control; T16/T17"
"RB-27H-010","27H",1361,"","actions","versions/schemas; see DEPENDENCIES.md","Designed","T09",5,"","","no direct durable mutation; retain content/build version","stable art/audio keys; semantic control; T16/T17"
"RB-27H-011","27H",1362,"","actions","versions/schemas; see DEPENDENCIES.md","Designed","T09",5,"","","no direct durable mutation; retain content/build version","stable art/audio keys; semantic control; T16/T17"
"RB-27H-012","27H",1363,"","actions","versions/schemas; see DEPENDENCIES.md","Designed","T09",5,"","","no direct durable mutation; retain content/build version","stable art/audio keys; semantic control; T16/T17"
"RB-27H-013","27H",1364,"","actions","versions/schemas; see DEPENDENCIES.md","Designed","T09",5,"","","no direct durable mutation; retain content/build version","stable art/audio keys; semantic control; T16/T17"
"RB-27H-014","27H",1365,"","actions","versions/schemas; see DEPENDENCIES.md","Designed","T09",5,"","","no direct durable mutation; retain content/build version","stable art/audio keys; semantic control; T16/T17"
"RB-27H-015","27H",1366,"","actions","versions/schemas; see DEPENDENCIES.md","Designed","T09",5,"","","no direct durable mutation; retain content/build version","stable art/audio keys; semantic control; T16/T17"
"RB-27H-016","27H",1367,"","actions","versions/schemas; see DEPENDENCIES.md","Designed","T09",5,"","","no direct durable mutation; retain content/build version","stable art/audio keys; semantic control; T16/T17"
"RB-27H-017","27H",1368,"","actions","versions/schemas; see DEPENDENCIES.md","Designed","T09",5,"","","no direct durable mutation; retain content/build version","stable art/audio keys; semantic control; T16/T17"
"RB-27H-018","27H",1369,"","actions","versions/schemas; see DEPENDENCIES.md","Designed","T09",5,"","","no direct durable mutation; retain content/build version","stable art/audio keys; semantic control; T16/T17"
"RB-27H-019","27H",1371,"","actions","versions/schemas; see DEPENDENCIES.md","Designed","T09",5,"","","no direct durable mutation; retain content/build version","stable art/audio keys; semantic control; T16/T17"
"RB-27H-020","27H",1373,"","actions","versions/schemas; see DEPENDENCIES.md","Designed","T09",5,"","","no direct durable mutation; retain content/build version","stable art/audio keys; semantic control; T16/T17"
"RB-27H-021","27H",1375,"","actions","versions/schemas; see DEPENDENCIES.md","Designed","T09",5,"","","no direct durable mutation; retain content/build version","stable art/audio keys; semantic control; T16/T17"
"RB-27H-022","27H",1377,"","actions","versions/schemas; see DEPENDENCIES.md","Designed","T09",5,"","","no direct durable mutation; retain content/build version","stable art/audio keys; semantic control; T16/T17"
"RB-27H-023","27H",1379,"","actions","versions/schemas; see DEPENDENCIES.md","Designed","T09",5,"","","no direct durable mutation; retain content/build version","stable art/audio keys; semantic control; T16/T17"
"RB-27I-001","27I",1383,"","actions","versions/schemas; see DEPENDENCIES.md","Designed","T09",5,"","","no direct durable mutation; retain content/build version","stable art/audio keys; semantic control; T16/T17"
"RB-27I-002","27I",1385,"","actions","versions/schemas; see DEPENDENCIES.md","Designed","T09",5,"","","no direct durable mutation; retain content/build version","stable art/audio keys; semantic control; T16/T17"
"RB-27I-003","27I",1387,"","actions","versions/schemas; see DEPENDENCIES.md","Designed","T09",5,"","","no direct durable mutation; retain content/build version","stable art/audio keys; semantic control; T16/T17"
"RB-27I-004","27I",1389,"","actions","versions/schemas; see DEPENDENCIES.md","Designed","T09",5,"","","no direct durable mutation; retain content/build version","stable art/audio keys; semantic control; T16/T17"
"RB-27I-005","27I",1391,"","actions","versions/schemas; see DEPENDENCIES.md","Designed","T09",5,"","","no direct durable mutation; retain content/build version","stable art/audio keys; semantic control; T16/T17"
"RB-28-001","28",1396,"","modes","versions/schemas; see DEPENDENCIES.md","Designed","T20",6,"","","schema/content/policy version; atomic validation","diagnostics/read-only explanation where applicable"
"RB-28A-001","28A",1400,"","modes","versions/schemas; see DEPENDENCIES.md","Designed","T20",6,"","","schema/content/policy version; atomic validation","diagnostics/read-only explanation where applicable"
"RB-28A-002","28A",1402,"","modes","versions/schemas; see DEPENDENCIES.md","Designed","T20",6,"","","schema/content/policy version; atomic validation","diagnostics/read-only explanation where applicable"
"RB-28A-003","28A",1403,"","modes","versions/schemas; see DEPENDENCIES.md","Designed","T20",6,"","","schema/content/policy version; atomic validation","diagnostics/read-only explanation where applicable"
"RB-28A-004","28A",1404,"","modes","versions/schemas; see DEPENDENCIES.md","Designed","T20",6,"","","schema/content/policy version; atomic validation","diagnostics/read-only explanation where applicable"
"RB-28A-005","28A",1405,"","modes","versions/schemas; see DEPENDENCIES.md","Designed","T20",6,"","","schema/content/policy version; atomic validation","diagnostics/read-only explanation where applicable"
"RB-28A-006","28A",1406,"","modes","versions/schemas; see DEPENDENCIES.md","Designed","T20",6,"","","schema/content/policy version; atomic validation","diagnostics/read-only explanation where applicable"
"RB-28A-007","28A",1408,"","modes","versions/schemas; see DEPENDENCIES.md","Designed","T20",6,"","","schema/content/policy version; atomic validation","diagnostics/read-only explanation where applicable"
"RB-28B-001","28B",1412,"","modes","versions/schemas; see DEPENDENCIES.md","Designed","T20",6,"","","schema/content/policy version; atomic validation","diagnostics/read-only explanation where applicable"
"RB-28B-002","28B",1414,"","modes","versions/schemas; see DEPENDENCIES.md","Designed","T20",6,"","","schema/content/policy version; atomic validation","diagnostics/read-only explanation where applicable"
"RB-28B-003","28B",1416,"","modes","versions/schemas; see DEPENDENCIES.md","Designed","T20",6,"","","schema/content/policy version; atomic validation","diagnostics/read-only explanation where applicable"
"RB-28B-004","28B",1418,"","modes","versions/schemas; see DEPENDENCIES.md","Designed","T20",6,"","","schema/content/policy version; atomic validation","diagnostics/read-only explanation where applicable"
"RB-28B-005","28B",1420,"","modes","versions/schemas; see DEPENDENCIES.md","Designed","T20",6,"","","schema/content/policy version; atomic validation","diagnostics/read-only explanation where applicable"
"RB-28C-001","28C",1424,"","modes","versions/schemas; see DEPENDENCIES.md","Designed","T20",6,"","","schema/content/policy version; atomic validation","diagnostics/read-only explanation where applicable"
"RB-28C-002","28C",1426,"","modes","versions/schemas; see DEPENDENCIES.md","Designed","T20",6,"","","schema/content/policy version; atomic validation","diagnostics/read-only explanation where applicable"
"RB-28C-003","28C",1428,"","modes","versions/schemas; see DEPENDENCIES.md","Designed","T20",6,"","","schema/content/policy version; atomic validation","diagnostics/read-only explanation where applicable"
"RB-28C-004","28C",1430,"","modes","versions/schemas; see DEPENDENCIES.md","Designed","T20",6,"","","schema/content/policy version; atomic validation","diagnostics/read-only explanation where applicable"
"RB-28C-005","28C",1432,"","modes","versions/schemas; see DEPENDENCIES.md","Designed","T20",6,"","","schema/content/policy version; atomic validation","diagnostics/read-only explanation where applicable"
"RB-28D-001","28D",1436,"","modes","versions/schemas; see DEPENDENCIES.md","Designed","T20",6,"","","schema/content/policy version; atomic validation","diagnostics/read-only explanation where applicable"
"RB-28D-002","28D",1438,"","modes","versions/schemas; see DEPENDENCIES.md","Designed","T20",6,"","","schema/content/policy version; atomic validation","diagnostics/read-only explanation where applicable"
"RB-28D-003","28D",1440,"","modes","versions/schemas; see DEPENDENCIES.md","Designed","T20",6,"","","schema/content/policy version; atomic validation","diagnostics/read-only explanation where applicable"
"RB-28D-004","28D",1442,"","modes","versions/schemas; see DEPENDENCIES.md","Designed","T20",6,"","","schema/content/policy version; atomic validation","diagnostics/read-only explanation where applicable"
"RB-28E-001","28E",1446,"","modes","versions/schemas; see DEPENDENCIES.md","Designed","T20",6,"","","schema/content/policy version; atomic validation","diagnostics/read-only explanation where applicable"
"RB-28E-002","28E",1448,"","modes","versions/schemas; see DEPENDENCIES.md","Designed","T20",6,"","","schema/content/policy version; atomic validation","diagnostics/read-only explanation where applicable"
"RB-28E-003","28E",1450,"","modes","versions/schemas; see DEPENDENCIES.md","Designed","T20",6,"","","schema/content/policy version; atomic validation","diagnostics/read-only explanation where applicable"
"RB-28E-004","28E",1452,"","modes","versions/schemas; see DEPENDENCIES.md","Designed","T20",6,"","","schema/content/policy version; atomic validation","diagnostics/read-only explanation where applicable"
"RB-28E-005","28E",1454,"","modes","versions/schemas; see DEPENDENCIES.md","Designed","T20",6,"","","schema/content/policy version; atomic validation","diagnostics/read-only explanation where applicable"
"RB-28E-006","28E",1456,"","modes","versions/schemas; see DEPENDENCIES.md","Designed","T20",6,"","","schema/content/policy version; atomic validation","diagnostics/read-only explanation where applicable"
"RB-28E-007","28E",1458,"","modes","versions/schemas; see DEPENDENCIES.md","Designed","T20",6,"","","schema/content/policy version; atomic validation","diagnostics/read-only explanation where applicable"
"RB-28F-001","28F",1462,"","modes","versions/schemas; see DEPENDENCIES.md","Designed","T20",6,"","","schema/content/policy version; atomic validation","diagnostics/read-only explanation where applicable"
"RB-28F-002","28F",1464,"","modes","versions/schemas; see DEPENDENCIES.md","Designed","T20",6,"","","schema/content/policy version; atomic validation","diagnostics/read-only explanation where applicable"
"RB-29-001","29",1468,"","production","versions/schemas; see DEPENDENCIES.md","Designed","T01–T20",0,"","","no direct durable mutation; retain content/build version","diagnostics/read-only explanation where applicable"
"RB-29A-001","29A",1472,"","production","versions/schemas; see DEPENDENCIES.md","Designed","T01–T20",0,"","","no direct durable mutation; retain content/build version","diagnostics/read-only explanation where applicable"
"RB-29A-002","29A",1474,"","production","versions/schemas; see DEPENDENCIES.md","Designed","T01–T20",0,"","","no direct durable mutation; retain content/build version","diagnostics/read-only explanation where applicable"
"RB-29B-001","29B",1478,"","production","versions/schemas; see DEPENDENCIES.md","Designed","T01–T20",0,"","","no direct durable mutation; retain content/build version","diagnostics/read-only explanation where applicable"
"RB-29B-002","29B",1480,"","production","versions/schemas; see DEPENDENCIES.md","Designed","T01–T20",0,"","","no direct durable mutation; retain content/build version","diagnostics/read-only explanation where applicable"
"RB-29C-001","29C",1484,"","production","versions/schemas; see DEPENDENCIES.md","Designed","T01–T20",0,"","","no direct durable mutation; retain content/build version","diagnostics/read-only explanation where applicable"
"RB-29C-002","29C",1486,"","production","versions/schemas; see DEPENDENCIES.md","Designed","T01–T20",0,"","","no direct durable mutation; retain content/build version","diagnostics/read-only explanation where applicable"
"RB-29C-003","29C",1488,"","production","versions/schemas; see DEPENDENCIES.md","Designed","T01–T20",0,"","","no direct durable mutation; retain content/build version","diagnostics/read-only explanation where applicable"
"RB-29D-001","29D",1492,"","production","versions/schemas; see DEPENDENCIES.md","Designed","T01–T20",0,"","","no direct durable mutation; retain content/build version","diagnostics/read-only explanation where applicable"
"RB-29D-002","29D",1494,"","production","versions/schemas; see DEPENDENCIES.md","Designed","T01–T20",0,"","","no direct durable mutation; retain content/build version","diagnostics/read-only explanation where applicable"
"RB-29D-003","29D",1496,"","production","versions/schemas; see DEPENDENCIES.md","Designed","T01–T20",0,"","","no direct durable mutation; retain content/build version","diagnostics/read-only explanation where applicable"
"RB-29D-004","29D",1498,"","production","versions/schemas; see DEPENDENCIES.md","Designed","T01–T20",0,"","","no direct durable mutation; retain content/build version","diagnostics/read-only explanation where applicable"
"RB-29E-001","29E",1502,"","production","versions/schemas; see DEPENDENCIES.md","Designed","T01–T20",0,"","","no direct durable mutation; retain content/build version","diagnostics/read-only explanation where applicable"
"RB-29E-002","29E",1504,"","production","versions/schemas; see DEPENDENCIES.md","Designed","T01–T20",0,"","","no direct durable mutation; retain content/build version","diagnostics/read-only explanation where applicable"
"RB-29E-003","29E",1506,"","production","versions/schemas; see DEPENDENCIES.md","Designed","T01–T20",0,"","","no direct durable mutation; retain content/build version","diagnostics/read-only explanation where applicable"
"RB-30-001","30",1510,"","content-ids","versions/schemas; see DEPENDENCIES.md","Designed","T01",5,"","","no direct durable mutation; retain content/build version","stable art/audio keys; semantic control; T16/T17"
"RB-30-002","30",1512,"","content-ids","versions/schemas; see DEPENDENCIES.md","Designed","T01",5,"","","no direct durable mutation; retain content/build version","stable art/audio keys; semantic control; T16/T17"
"RB-30-003","30",1514,"friendly.sentry","content-ids","versions/schemas; see DEPENDENCIES.md","Designed","T01",5,"","","no direct durable mutation; retain content/build version","stable art/audio keys; semantic control; T16/T17"
"RB-30-004","30",1515,"friendly.rotary","content-ids","versions/schemas; see DEPENDENCIES.md","Designed","T01",5,"","","no direct durable mutation; retain content/build version","stable art/audio keys; semantic control; T16/T17"
"RB-30-005","30",1516,"friendly.breaker_cannon","content-ids","versions/schemas; see DEPENDENCIES.md","Designed","T01",5,"","","no direct durable mutation; retain content/build version","stable art/audio keys; semantic control; T16/T17"
"RB-30-006","30",1517,"friendly.skyguard","content-ids","versions/schemas; see DEPENDENCIES.md","Designed","T01",5,"","","no direct durable mutation; retain content/build version","stable art/audio keys; semantic control; T16/T17"
"RB-30-007","30",1518,"friendly.arc_spire","content-ids","versions/schemas; see DEPENDENCIES.md","Designed","T01",5,"","","no direct durable mutation; retain content/build version","stable art/audio keys; semantic control; T16/T17"
"RB-30-008","30",1519,"friendly.mortar_nest","content-ids","versions/schemas; see DEPENDENCIES.md","Designed","T01",5,"","","no direct durable mutation; retain content/build version","stable art/audio keys; semantic control; T16/T17"
"RB-30-009","30",1520,"friendly.lance_array","content-ids","versions/schemas; see DEPENDENCIES.md","Designed","T01",5,"","","no direct durable mutation; retain content/build version","stable art/audio keys; semantic control; T16/T17"
"RB-30-010","30",1521,"friendly.nullifier","content-ids","versions/schemas; see DEPENDENCIES.md","Designed","T01",5,"","","no direct durable mutation; retain content/build version","stable art/audio keys; semantic control; T16/T17"
"RB-30-011","30",1522,"friendly.rifle_squad","content-ids","versions/schemas; see DEPENDENCIES.md","Designed","T01",5,"","","no direct durable mutation; retain content/build version","stable art/audio keys; semantic control; T16/T17"
"RB-30-012","30",1523,"friendly.heavy_squad","content-ids","versions/schemas; see DEPENDENCIES.md","Designed","T01",5,"","","no direct durable mutation; retain content/build version","stable art/audio keys; semantic control; T16/T17"
"RB-30-013","30",1524,"friendly.combat_engineers","content-ids","versions/schemas; see DEPENDENCIES.md","Designed","T01",5,"","","no direct durable mutation; retain content/build version","stable art/audio keys; semantic control; T16/T17"
"RB-30-014","30",1525,"friendly.field_medics","content-ids","versions/schemas; see DEPENDENCIES.md","Designed","T01",5,"","","no direct durable mutation; retain content/build version","stable art/audio keys; semantic control; T16/T17"
"RB-30-015","30",1526,"friendly.interceptor_drones","content-ids","versions/schemas; see DEPENDENCIES.md","Designed","T01",5,"","","no direct durable mutation; retain content/build version","stable art/audio keys; semantic control; T16/T17"
"RB-30-016","30",1527,"friendly.aegis_walkers","content-ids","versions/schemas; see DEPENDENCIES.md","Designed","T01",5,"","","no direct durable mutation; retain content/build version","stable art/audio keys; semantic control; T16/T17"
"RB-30-017","30",1528,"friendly.repair_node","content-ids","versions/schemas; see DEPENDENCIES.md","Designed","T01",5,"","","no direct durable mutation; retain content/build version","stable art/audio keys; semantic control; T16/T17"
"RB-30-018","30",1529,"friendly.medical_station","content-ids","versions/schemas; see DEPENDENCIES.md","Designed","T01",5,"","","no direct durable mutation; retain content/build version","stable art/audio keys; semantic control; T16/T17"
"RB-30-019","30",1530,"friendly.detection_relay","content-ids","versions/schemas; see DEPENDENCIES.md","Designed","T01",5,"","","no direct durable mutation; retain content/build version","stable art/audio keys; semantic control; T16/T17"
"RB-30-020","30",1531,"friendly.shield_projector","content-ids","versions/schemas; see DEPENDENCIES.md","Designed","T01",5,"","","no direct durable mutation; retain content/build version","stable art/audio keys; semantic control; T16/T17"
"RB-30-021","30",1532,"friendly.ammunition_fabricator","content-ids","versions/schemas; see DEPENDENCIES.md","Designed","T01",5,"","","no direct durable mutation; retain content/build version","stable art/audio keys; semantic control; T16/T17"
"RB-30-022","30",1533,"friendly.tactical_uplink","content-ids","versions/schemas; see DEPENDENCIES.md","Designed","T01",5,"","","no direct durable mutation; retain content/build version","stable art/audio keys; semantic control; T16/T17"
"RB-30-023","30",1534,"friendly.proximity_mine","content-ids","versions/schemas; see DEPENDENCIES.md","Designed","T01",5,"","","no direct durable mutation; retain content/build version","stable art/audio keys; semantic control; T16/T17"
"RB-30-024","30",1535,"friendly.slow_field","content-ids","versions/schemas; see DEPENDENCIES.md","Designed","T01",5,"","","no direct durable mutation; retain content/build version","stable art/audio keys; semantic control; T16/T17"
"RB-30-025","30",1536,"friendly.arc_plate","content-ids","versions/schemas; see DEPENDENCIES.md","Designed","T01",5,"","","no direct durable mutation; retain content/build version","stable art/audio keys; semantic control; T16/T17"
"RB-30-026","30",1537,"friendly.incendiary_vent","content-ids","versions/schemas; see DEPENDENCIES.md","Designed","T01",5,"","","no direct durable mutation; retain content/build version","stable art/audio keys; semantic control; T16/T17"
"RB-30-027","30",1538,"friendly.armor_shredding_charge","content-ids","versions/schemas; see DEPENDENCIES.md","Designed","T01",5,"","","no direct durable mutation; retain content/build version","stable art/audio keys; semantic control; T16/T17"
"RB-30-028","30",1539,"friendly.gravity_snare","content-ids","versions/schemas; see DEPENDENCIES.md","Designed","T01",5,"","","no direct durable mutation; retain content/build version","stable art/audio keys; semantic control; T16/T17"
"RB-30-029","30",1540,"friendly.decoy_beacon","content-ids","versions/schemas; see DEPENDENCIES.md","Designed","T01",5,"","","no direct durable mutation; retain content/build version","stable art/audio keys; semantic control; T16/T17"
"RB-30-030","30",1541,"friendly.collapse_charge","content-ids","versions/schemas; see DEPENDENCIES.md","Designed","T01",5,"","","no direct durable mutation; retain content/build version","stable art/audio keys; semantic control; T16/T17"
"RB-30-031","30",1542,"friendly.standard_barricade","content-ids","versions/schemas; see DEPENDENCIES.md","Designed","T01",5,"","","no direct durable mutation; retain content/build version","stable art/audio keys; semantic control; T16/T17"
"RB-30-032","30",1543,"friendly.reinforced_wall","content-ids","versions/schemas; see DEPENDENCIES.md","Designed","T01",5,"","","no direct durable mutation; retain content/build version","stable art/audio keys; semantic control; T16/T17"
"RB-30-033","30",1544,"friendly.controlled_gate","content-ids","versions/schemas; see DEPENDENCIES.md","Designed","T01",5,"","","no direct durable mutation; retain content/build version","stable art/audio keys; semantic control; T16/T17"
"RB-30-034","30",1545,"friendly.low_cover","content-ids","versions/schemas; see DEPENDENCIES.md","Designed","T01",5,"","","no direct durable mutation; retain content/build version","stable art/audio keys; semantic control; T16/T17"
"RB-30-035","30",1546,"friendly.razor_field","content-ids","versions/schemas; see DEPENDENCIES.md","Designed","T01",5,"","","no direct durable mutation; retain content/build version","stable art/audio keys; semantic control; T16/T17"
"RB-30-036","30",1547,"friendly.anti_vehicle_obstacle","content-ids","versions/schemas; see DEPENDENCIES.md","Designed","T01",5,"","","no direct durable mutation; retain content/build version","stable art/audio keys; semantic control; T16/T17"
"RB-30-037","30",1548,"friendly.elevated_firing_platform","content-ids","versions/schemas; see DEPENDENCIES.md","Designed","T01",5,"","","no direct durable mutation; retain content/build version","stable art/audio keys; semantic control; T16/T17"
"RB-30-038","30",1549,"friendly.resonance_channel","content-ids","versions/schemas; see DEPENDENCIES.md","Designed","T01",5,"","","no direct durable mutation; retain content/build version","stable art/audio keys; semantic control; T16/T17"
"RB-30-039","30",1550,"friendly.power_relay","content-ids","versions/schemas; see DEPENDENCIES.md","Designed","T01",5,"","","no direct durable mutation; retain content/build version","stable art/audio keys; semantic control; T16/T17"
"RB-30-040","30",1551,"friendly.barracks","content-ids","versions/schemas; see DEPENDENCIES.md","Designed","T01",5,"","","no direct durable mutation; retain content/build version","stable art/audio keys; semantic control; T16/T17"
"RB-30-041","30",1552,"friendly.drone_bay","content-ids","versions/schemas; see DEPENDENCIES.md","Designed","T01",5,"","","no direct durable mutation; retain content/build version","stable art/audio keys; semantic control; T16/T17"
"RB-30-042","30",1553,"friendly.command_node","content-ids","versions/schemas; see DEPENDENCIES.md","Designed","T01",5,"","","no direct durable mutation; retain content/build version","stable art/audio keys; semantic control; T16/T17"
"RB-30-043","30",1555,"","content-ids","versions/schemas; see DEPENDENCIES.md","Designed","T01",5,"","","no direct durable mutation; retain content/build version","stable art/audio keys; semantic control; T16/T17"
"RB-30-044","30",1557,"","content-ids","versions/schemas; see DEPENDENCIES.md","Designed","T01",5,"","","no direct durable mutation; retain content/build version","stable art/audio keys; semantic control; T16/T17"
"RB-30-045","30",1559,"warden.bulwark","content-ids","versions/schemas; see DEPENDENCIES.md","Designed","T01",5,"","","no direct durable mutation; retain content/build version","stable art/audio keys; semantic control; T16/T17"
"RB-30-046","30",1560,"warden.ranger","content-ids","versions/schemas; see DEPENDENCIES.md","Designed","T01",5,"","","no direct durable mutation; retain content/build version","stable art/audio keys; semantic control; T16/T17"
"RB-30-047","30",1561,"warden.conductor","content-ids","versions/schemas; see DEPENDENCIES.md","Designed","T01",5,"","","no direct durable mutation; retain content/build version","stable art/audio keys; semantic control; T16/T17"
"RB-30-048","30",1563,"","content-ids","versions/schemas; see DEPENDENCIES.md","Designed","T01",5,"","","no direct durable mutation; retain content/build version","stable art/audio keys; semantic control; T16/T17"
"RB-30-049","30",1565,"","content-ids","versions/schemas; see DEPENDENCIES.md","Designed","T01",5,"","","no direct durable mutation; retain content/build version","stable art/audio keys; semantic control; T16/T17"
"RB-30-050","30",1567,"enemy.runner","content-ids","versions/schemas; see DEPENDENCIES.md","Designed","T01",5,"","","no direct durable mutation; retain content/build version","stable art/audio keys; semantic control; T16/T17"
"RB-30-051","30",1568,"enemy.raider","content-ids","versions/schemas; see DEPENDENCIES.md","Designed","T01",5,"","","no direct durable mutation; retain content/build version","stable art/audio keys; semantic control; T16/T17"
"RB-30-052","30",1569,"enemy.bulwark","content-ids","versions/schemas; see DEPENDENCIES.md","Designed","T01",5,"","","no direct durable mutation; retain content/build version","stable art/audio keys; semantic control; T16/T17"
"RB-30-053","30",1570,"enemy.lancer","content-ids","versions/schemas; see DEPENDENCIES.md","Designed","T01",5,"","","no direct durable mutation; retain content/build version","stable art/audio keys; semantic control; T16/T17"
"RB-30-054","30",1571,"enemy.bombard","content-ids","versions/schemas; see DEPENDENCIES.md","Designed","T01",5,"","","no direct durable mutation; retain content/build version","stable art/audio keys; semantic control; T16/T17"
"RB-30-055","30",1572,"enemy.skimmer","content-ids","versions/schemas; see DEPENDENCIES.md","Designed","T01",5,"","","no direct durable mutation; retain content/build version","stable art/audio keys; semantic control; T16/T17"
"RB-30-056","30",1573,"enemy.veil","content-ids","versions/schemas; see DEPENDENCIES.md","Designed","T01",5,"","","no direct durable mutation; retain content/build version","stable art/audio keys; semantic control; T16/T17"
"RB-30-057","30",1574,"enemy.mole","content-ids","versions/schemas; see DEPENDENCIES.md","Designed","T01",5,"","","no direct durable mutation; retain content/build version","stable art/audio keys; semantic control; T16/T17"
"RB-30-058","30",1575,"enemy.sapper","content-ids","versions/schemas; see DEPENDENCIES.md","Designed","T01",5,"","","no direct durable mutation; retain content/build version","stable art/audio keys; semantic control; T16/T17"
"RB-30-059","30",1576,"enemy.jammer","content-ids","versions/schemas; see DEPENDENCIES.md","Designed","T01",5,"","","no direct durable mutation; retain content/build version","stable art/audio keys; semantic control; T16/T17"
"RB-30-060","30",1577,"enemy.mender","content-ids","versions/schemas; see DEPENDENCIES.md","Designed","T01",5,"","","no direct durable mutation; retain content/build version","stable art/audio keys; semantic control; T16/T17"
"RB-30-061","30",1578,"enemy.herald","content-ids","versions/schemas; see DEPENDENCIES.md","Designed","T01",5,"","","no direct durable mutation; retain content/build version","stable art/audio keys; semantic control; T16/T17"
"RB-30-062","30",1579,"enemy.drainer","content-ids","versions/schemas; see DEPENDENCIES.md","Designed","T01",5,"","","no direct durable mutation; retain content/build version","stable art/audio keys; semantic control; T16/T17"
"RB-30-063","30",1580,"enemy.carrier","content-ids","versions/schemas; see DEPENDENCIES.md","Designed","T01",5,"","","no direct durable mutation; retain content/build version","stable art/audio keys; semantic control; T16/T17"
"RB-30-064","30",1581,"enemy.breaker","content-ids","versions/schemas; see DEPENDENCIES.md","Designed","T01",5,"","","no direct durable mutation; retain content/build version","stable art/audio keys; semantic control; T16/T17"
"RB-30-065","30",1582,"enemy.harvester","content-ids","versions/schemas; see DEPENDENCIES.md","Designed","T01",5,"","","no direct durable mutation; retain content/build version","stable art/audio keys; semantic control; T16/T17"
"RB-30-066","30",1584,"","content-ids","versions/schemas; see DEPENDENCIES.md","Designed","T01",5,"","","no direct durable mutation; retain content/build version","stable art/audio keys; semantic control; T16/T17"
"RB-30-067","30",1586,"","content-ids","versions/schemas; see DEPENDENCIES.md","Designed","T01",5,"","","no direct durable mutation; retain content/build version","stable art/audio keys; semantic control; T16/T17"
"RB-30-068","30",1588,"boss.prism_sovereign","content-ids","versions/schemas; see DEPENDENCIES.md","Designed","T01",5,"","","no direct durable mutation; retain content/build version","stable art/audio keys; semantic control; T16/T17"
"RB-30-069","30",1589,"boss.choir_dreadnought","content-ids","versions/schemas; see DEPENDENCIES.md","Designed","T01",5,"","","no direct durable mutation; retain content/build version","stable art/audio keys; semantic control; T16/T17"
"RB-30-070","30",1590,"boss.silent_crown","content-ids","versions/schemas; see DEPENDENCIES.md","Designed","T01",5,"","","no direct durable mutation; retain content/build version","stable art/audio keys; semantic control; T16/T17"
"RB-30-071","30",1591,"boss.gorger_titan","content-ids","versions/schemas; see DEPENDENCIES.md","Designed","T01",5,"","","no direct durable mutation; retain content/build version","stable art/audio keys; semantic control; T16/T17"
"RB-30-072","30",1592,"boss.shatterstorm","content-ids","versions/schemas; see DEPENDENCIES.md","Designed","T01",5,"","","no direct durable mutation; retain content/build version","stable art/audio keys; semantic control; T16/T17"
"RB-30-073","30",1593,"boss.marshal","content-ids","versions/schemas; see DEPENDENCIES.md","Designed","T01",5,"","","no direct durable mutation; retain content/build version","stable art/audio keys; semantic control; T16/T17"
"RB-30-074","30",1594,"boss.black_conductor","content-ids","versions/schemas; see DEPENDENCIES.md","Designed","T01",5,"","","no direct durable mutation; retain content/build version","stable art/audio keys; semantic control; T16/T17"
"RB-30-075","30",1595,"boss.root_below","content-ids","versions/schemas; see DEPENDENCIES.md","Designed","T01",5,"","","no direct durable mutation; retain content/build version","stable art/audio keys; semantic control; T16/T17"
"RB-30-076","30",1597,"","content-ids","versions/schemas; see DEPENDENCIES.md","Designed","T01",5,"","","no direct durable mutation; retain content/build version","stable art/audio keys; semantic control; T16/T17"
"RB-30-077","30",1599,"audio.music","content-ids","versions/schemas; see DEPENDENCIES.md","Designed","T01",5,"","","no direct durable mutation; retain content/build version","stable art/audio keys; semantic control; T16/T17"
"RB-31-001","31",1603,"","acceptance","versions/schemas; see DEPENDENCIES.md","Designed","T01–T20",8,"","","no direct durable mutation; retain content/build version","diagnostics/read-only explanation where applicable"
"RB-31-002","31",1605,"","acceptance","versions/schemas; see DEPENDENCIES.md","Designed","T01–T20",8,"","","no direct durable mutation; retain content/build version","diagnostics/read-only explanation where applicable"
"RB-31-003","31",1607,"","acceptance","versions/schemas; see DEPENDENCIES.md","Designed","T01–T20",8,"","","no direct durable mutation; retain content/build version","diagnostics/read-only explanation where applicable"
"RB-31-004","31",1608,"","acceptance","versions/schemas; see DEPENDENCIES.md","Designed","T01–T20",8,"","","no direct durable mutation; retain content/build version","diagnostics/read-only explanation where applicable"
"RB-31-005","31",1609,"","acceptance","versions/schemas; see DEPENDENCIES.md","Designed","T01–T20",8,"","","no direct durable mutation; retain content/build version","diagnostics/read-only explanation where applicable"
"RB-31-006","31",1610,"","acceptance","versions/schemas; see DEPENDENCIES.md","Designed","T01–T20",8,"","","no direct durable mutation; retain content/build version","diagnostics/read-only explanation where applicable"
"RB-31-007","31",1611,"","acceptance","versions/schemas; see DEPENDENCIES.md","Designed","T01–T20",8,"","","no direct durable mutation; retain content/build version","diagnostics/read-only explanation where applicable"
"RB-31-008","31",1612,"","acceptance","versions/schemas; see DEPENDENCIES.md","Designed","T01–T20",8,"","","no direct durable mutation; retain content/build version","diagnostics/read-only explanation where applicable"
"RB-31-009","31",1613,"","acceptance","versions/schemas; see DEPENDENCIES.md","Designed","T01–T20",8,"","","no direct durable mutation; retain content/build version","diagnostics/read-only explanation where applicable"
"RB-31-010","31",1614,"","acceptance","versions/schemas; see DEPENDENCIES.md","Designed","T01–T20",8,"","","no direct durable mutation; retain content/build version","diagnostics/read-only explanation where applicable"
"RB-31-011","31",1615,"","acceptance","versions/schemas; see DEPENDENCIES.md","Designed","T01–T20",8,"","","no direct durable mutation; retain content/build version","diagnostics/read-only explanation where applicable"
"RB-31-012","31",1616,"","acceptance","versions/schemas; see DEPENDENCIES.md","Designed","T01–T20",8,"","","no direct durable mutation; retain content/build version","diagnostics/read-only explanation where applicable"
"RB-31-013","31",1617,"","acceptance","versions/schemas; see DEPENDENCIES.md","Designed","T01–T20",8,"","","no direct durable mutation; retain content/build version","diagnostics/read-only explanation where applicable"
"RB-31-014","31",1618,"","acceptance","versions/schemas; see DEPENDENCIES.md","Designed","T01–T20",8,"","","no direct durable mutation; retain content/build version","diagnostics/read-only explanation where applicable"
"RB-31-015","31",1619,"","acceptance","versions/schemas; see DEPENDENCIES.md","Designed","T01–T20",8,"","","no direct durable mutation; retain content/build version","diagnostics/read-only explanation where applicable"
"RB-31-016","31",1620,"","acceptance","versions/schemas; see DEPENDENCIES.md","Designed","T01–T20",8,"","","no direct durable mutation; retain content/build version","diagnostics/read-only explanation where applicable"
"RB-31-017","31",1621,"","acceptance","versions/schemas; see DEPENDENCIES.md","Designed","T01–T20",8,"","","no direct durable mutation; retain content/build version","diagnostics/read-only explanation where applicable"
"RB-31-018","31",1622,"","acceptance","versions/schemas; see DEPENDENCIES.md","Designed","T01–T20",8,"","","no direct durable mutation; retain content/build version","diagnostics/read-only explanation where applicable"
"RB-31-019","31",1623,"","acceptance","versions/schemas; see DEPENDENCIES.md","Designed","T01–T20",8,"","","no direct durable mutation; retain content/build version","diagnostics/read-only explanation where applicable"
"RB-31-020","31",1624,"","acceptance","versions/schemas; see DEPENDENCIES.md","Designed","T01–T20",8,"","","no direct durable mutation; retain content/build version","diagnostics/read-only explanation where applicable"
"RB-31-021","31",1625,"","acceptance","versions/schemas; see DEPENDENCIES.md","Designed","T01–T20",8,"","","no direct durable mutation; retain content/build version","diagnostics/read-only explanation where applicable"
"RB-31-022","31",1626,"","acceptance","versions/schemas; see DEPENDENCIES.md","Designed","T01–T20",8,"","","no direct durable mutation; retain content/build version","diagnostics/read-only explanation where applicable"
"RB-31-023","31",1628,"","acceptance","versions/schemas; see DEPENDENCIES.md","Designed","T01–T20",8,"","","no direct durable mutation; retain content/build version","diagnostics/read-only explanation where applicable"
